last_name,first_name,title,fraction_total
not_applicable,Anonymous,not_applicable,0.0608158336
not_applicable,Various,not_applicable,0.011476874199999999
Defoe,Daniel,not_applicable,0.010777870400000002
Shakespeare,William,not_applicable,0.0105923614
Swift,Jonathan,not_applicable,0.0074083998
Pope,Alexander,not_applicable,0.0060943726
More,Hannah,not_applicable,0.004996379400000001
Goldsmith,Oliver,not_applicable,0.0039478052000000005
not_applicable,Unknown,not_applicable,0.0038698167999999997
Kipling,Rudyard,not_applicable,0.0037782336
Johnson,Samuel,not_applicable,0.0036465130000000005
Smollett,Tobias,not_applicable,0.0033891124000000003
Trusler,John,not_applicable,0.003186097
Hayley,William,not_applicable,0.0031609883999999997
Addison,Joseph,not_applicable,0.0030570694
Griffiths,Ralph,not_applicable,0.0030502012000000003
Pratt,Samuel Jackson,not_applicable,0.0029688632000000005
Dibdin,Charles,not_applicable,0.0029688632000000005
Burke,Edmund,not_applicable,0.0029543254
Paine,Thomas,not_applicable,0.002698784
Hacker,Diana,not_applicable,0.002538
Holcroft,Thomas,not_applicable,0.002461984
England and Wales,Parliament,not_applicable,0.0023421802
Great Britain,Parliament,not_applicable,0.0023300148
Cumberland,Richard,not_applicable,0.0023275148000000004
Jerningham,Edward,not_applicable,0.002221605
Gilpin,William,not_applicable,0.002200423
Sovereign,Charles I,not_applicable,0.0021286838
Murphy,Arthur,not_applicable,0.0021068298
Lennox,Charlotte,not_applicable,0.0020999276
O'Keeffe,John,not_applicable,0.0020999276
Sharp,Granville,not_applicable,0.0020999276
not_applicable,England and Wales,not_applicable,0.001967515
Arbuthnot,John,not_applicable,0.001955105
Garrick,David,not_applicable,0.001955105
not_applicable,Church of England,not_applicable,0.0018879772
Kenrick,William,not_applicable,0.0018826938000000002
Churchill,Charles,not_applicable,0.001868414
Hume,David,not_applicable,0.0018489372
Gaskell,Elizabeth Cleghorn,not_applicable,0.0017647119999999999
Donovan,Edward,not_applicable,0.0016654598
Richardson,Samuel,not_applicable,0.0016426748
Chaucer,Geoffrey,not_applicable,0.0014406094
Sovereign,Charles II,not_applicable,0.001429588
Twain,Mark,not_applicable,0.0014065922
Wordsworth,William,not_applicable,0.0013842262000000002
Dryden,John,not_applicable,0.0013572454000000001
Milton,John,not_applicable,0.0013497412000000003
Poe,Edgar Allen,not_applicable,0.0013248
not_applicable,Philological Society (Great Britain),not_applicable,0.0012920992
Hawthorne,Nathaniel,not_applicable,0.0012727494
Dickens,Charles,not_applicable,0.001236239
Gleig,George,not_applicable,0.0011861894000000002
Macfarquhar,Colin,not_applicable,0.0011861894
Scotland,Privy Council,not_applicable,0.0011470194
Eliot,T S,not_applicable,0.0011234
Priestley,Joseph,not_applicable,0.0011226436000000002
Dodsley,Robert,not_applicable,0.0011014616000000002
Faulkner,William,not_applicable,0.0010846
Woolf,Virginia,not_applicable,0.0010264
Anderson,James,not_applicable,0.0010167338
St John,Henry,not_applicable,0.0009955518
Sovereign,James I,not_applicable,0.0009837575999999998
Hemingway,Ernest,not_applicable,0.0009386
Austen,Jane,not_applicable,0.0009332521999999999
Kirszner,Laurie G,not_applicable,0.0009242
Joyce,James,not_applicable,0.0009092
Coleridge,Samuel Taylor,not_applicable,0.0009077102
Sovereign,Elizabeth I,not_applicable,0.0008979404
Shelley,Mary Wollstonecraft,not_applicable,0.0008867926000000002
Conrad,Joseph,not_applicable,0.0008800056000000001
Melville,Herman,not_applicable,0.0008594186
James,Henry,not_applicable,0.0008506148
Frederick II,King of Prussia,not_applicable,0.0008472782
Sternhold,Thomas,not_applicable,0.0008435198
Mandell,Stephen R,not_applicable,0.0008388
Morrison,Toni,not_applicable,0.0008269999999999999
Sinclair,John,not_applicable,0.0008260962
Wilde,Oscar,not_applicable,0.0008080298
Rollin,Charles,not_applicable,0.0007837321999999999
Sterne,Laurence,not_applicable,0.0007837321999999999
Blake,William,not_applicable,0.0007773999999999999
Graff,Gerald,not_applicable,0.0007481999999999999
Whitman,Walt,not_applicable,0.0007466262000000001
Grose,Francis,not_applicable,0.0007413684
Leland,John,not_applicable,0.0007413684
Lytton,Edward Bulwer,not_applicable,0.0007311586
Burnet,Gilbert,not_applicable,0.000723289
Birkenstein,Cathy,not_applicable,0.0007056
Keats,John,not_applicable,0.0007021999999999999
Raynal,abbé,not_applicable,0.0006990044
Chopin,Kate,not_applicable,0.0006928
Tennyson,Alfred,not_applicable,0.0006879514
Great Britain,Nautical Almanac Office,not_applicable,0.0006778224
Secker,Thomas,not_applicable,0.0006778224
,Sophocles,not_applicable,0.0006606
Steele,Richard,not_applicable,0.000657286
Great Britain,Parliament House of Commons,not_applicable,0.0006566406
Lunsford,Andrea A,not_applicable,0.0006514
Lewis,C S,not_applicable,0.0006496
Stevenson,Robert Louis,not_applicable,0.0006455998
Perkins Gilman,Charlotte,not_applicable,0.0006422
Thoreau,Henry David,not_applicable,0.0006369514000000001
Marana,Giovanni Paolo,not_applicable,0.0006354586
Jonson,Ben,not_applicable,0.0006224843999999999
Penn,William,not_applicable,0.0006223182
Almon,John,not_applicable,0.0006142766
Colman,George,not_applicable,0.0006142766
Donne,John,not_applicable,0.0005932
Nichols,John,not_applicable,0.0005930945999999999
England and Wales,Parliament House of Commons,not_applicable,0.0005902546
Browning,Robert,not_applicable,0.0005786261999999999
Ebers,Georg,not_applicable,0.0005690466
Baxter,Richard,not_applicable,0.0005651374
Emerson,Ralph Waldo,not_applicable,0.0005647178
Fitzgerald,F Scott,not_applicable,0.000564
Tolstoy,Leo,not_applicable,0.0005603400000000001
Hardy,Thomas,not_applicable,0.0005522878
Frost,Robert,not_applicable,0.000548
London,Jack,not_applicable,0.0005460578
Verne,Jules,not_applicable,0.0005458876
Bacon,Francis,not_applicable,0.0005447188
Shelley,Percy Bysshe,not_applicable,0.0005438093999999999
Gibaldi,Joseph,not_applicable,0.0005424
Wharton,Edith,not_applicable,0.0005384298
Freud,Sigmund,not_applicable,0.0005310522
Anderson,Robert,not_applicable,0.0005295488
Reid,Andrew,not_applicable,0.0005295488
Great Britain,Royal Society of Arts,not_applicable,0.0005295488
Green,C H,not_applicable,0.0005295488
,Homer,not_applicable,0.000529
Fox,George,not_applicable,0.0005253684
Walker,Alice,not_applicable,0.0005248
Tillotson,John,not_applicable,0.0005246954
Orwell,George,not_applicable,0.0005238
Kennedy,X J,not_applicable,0.0005147999999999999
Marlowe,Christopher,not_applicable,0.0005084094
Foote,Samuel,not_applicable,0.0005083668
Home,Henry,not_applicable,0.0005083668
Wollstonecraft,Mary,not_applicable,0.0005082
Ruszkiewicz,John J,not_applicable,0.0005068
,Plato,not_applicable,0.000497
O'Connor,Flannery,not_applicable,0.0004961999999999999
Balzac,Honoré de,not_applicable,0.000492953
Kafka,Franz,not_applicable,0.0004924262000000001
Aaron,Jane E,not_applicable,0.0004894
Warburton,William,not_applicable,0.00048718499999999995
Pulteney,William,not_applicable,0.00048718499999999995
Dumas,Alexandre,not_applicable,0.0004697942
Watson,Richard,not_applicable,0.000466003
Young,Arthur,not_applicable,0.000466003
King,Martin Luther,not_applicable,0.00045259999999999994
Moore,John,not_applicable,0.00044482100000000003
Parker,Gilbert,not_applicable,0.000443327
Chekhov,Anton Pavlovich,not_applicable,0.00044324480000000003
Crane,Stephen,not_applicable,0.00044145979999999995
Doyle,Arthur Conan,not_applicable,0.00044001859999999996
Kingston,William Henry Giles,not_applicable,0.00044001859999999996
,Aristotle,not_applicable,0.00043400000000000003
Cicero,Marcus Tullius,not_applicable,0.00043287820000000005
not_applicable,Voltaire,not_applicable,0.0004308606
South Carolina,Assembly,not_applicable,0.00042363899999999996
Emerson,William,not_applicable,0.00042363899999999996
Félicité,Stéphanie,not_applicable,0.00042363899999999996
Baretti,Giuseppe Marco Antonio,not_applicable,0.00042363899999999996
Fenn,George Manville,not_applicable,0.0004234764
Ibsen,Henrik,not_applicable,0.000420929
Abrams,M H,not_applicable,0.00041740000000000006
Steinbeck,John,not_applicable,0.000411
Hurston,Zora Neale,not_applicable,0.0004058
Seward,William,not_applicable,0.00040245719999999996
Maurice,Thomas,not_applicable,0.00040245719999999996
de Béthune,Maximilien,not_applicable,0.00040245719999999996
Encyclopaedia Britannica,inc,not_applicable,0.00040245719999999996
Bower,Archibald,not_applicable,0.00040245719999999996
Bullock,Richard H,not_applicable,0.0004012
Irving,Washington,not_applicable,0.0004011944
not_applicable,Homer,not_applicable,0.00039446820000000005
Taylor,John,not_applicable,0.000393503
Yeats,W B,not_applicable,0.0003915999999999999
Hall,Joseph,not_applicable,0.00039141
Barnet,Sylvan,not_applicable,0.0003906
Perkins,William,not_applicable,0.00038931679999999996
Carver,Raymond,not_applicable,0.000383
Boyer,Abel,not_applicable,0.0003812752
Erskine,Ralph,not_applicable,0.0003812752
Strunk,William,not_applicable,0.0003796
O'Brien,Tim,not_applicable,0.0003796
Sovereign,William and Mary,not_applicable,0.0003788514
Hughes,Langston,not_applicable,0.0003758
Arnold,Matthew,not_applicable,0.00037259999999999995
Jacobs,William Wymark,not_applicable,0.000370542
Spenser,Edmund,not_applicable,0.0003694
Achebe,Chinua,not_applicable,0.00036899999999999997
Miller,Arthur,not_applicable,0.00036799999999999995
Meredith,George,not_applicable,0.00036723359999999995
Eliot,George,not_applicable,0.00036663539999999995
Byron,George Gordon,not_applicable,0.0003650692
Franklin,Benjamin,not_applicable,0.0003631514
Henty,George Alfred,not_applicable,0.00036061659999999995
Howells,William Dean,not_applicable,0.00036061659999999995
Dostoyevsky,Fyodor,not_applicable,0.0003603028
not_applicable,Horace,not_applicable,0.00036009320000000004
Haywood,Eliza Fowler,not_applicable,0.00036009320000000004
Thou,Jacques-Auguste de,not_applicable,0.00036009320000000004
Jenyns,Soame,not_applicable,0.00036009320000000004
not_applicable,Great Britain,not_applicable,0.00036009320000000004
Gordon,Thomas,not_applicable,0.00036009320000000004
Carroll,Lewis,not_applicable,0.0003583944
Alger Jr.,Horatio,not_applicable,0.0003573082
Jókai,Mór,not_applicable,0.00035399979999999997
Langan,John,not_applicable,0.0003532
Beaumont,Francis,not_applicable,0.0003514588
Prynne,William,not_applicable,0.00034536159999999996
Butler,Samuel,not_applicable,0.00034484200000000004
,Euripides,not_applicable,0.00034159999999999995
Faigley,Lester,not_applicable,0.00034119999999999995
Motley,John Lothrop,not_applicable,0.0003407662
Sovereign,James II,not_applicable,0.0003390824
Hawkesworth,John,not_applicable,0.0003389112
Hanway,Jonas,not_applicable,0.0003389112
Percy,Thomas,not_applicable,0.0003389112
Clarke,Samuel,not_applicable,0.0003389112
Kippis,Andrew,not_applicable,0.0003389112
Burnett,James,not_applicable,0.0003389112
Mason,William,not_applicable,0.0003389112
L'Estrange,Roger,not_applicable,0.0003369892
Ballantyne,Robert Michael,not_applicable,0.000330841
Cisneros,Sandra,not_applicable,0.0003302
Shaw,Bernard,not_applicable,0.000329671
Baldwin,James,not_applicable,0.0003277926
Jefferson,Thomas,not_applicable,0.00032776819999999994
Wells,Herbert Gorge,not_applicable,0.0003275326
Darwin,Charles,not_applicable,0.00032537
not_applicable,Plutarch,not_applicable,0.00032168320000000003
Atwood,Margaret,not_applicable,0.0003214
Baym,Nina,not_applicable,0.00032119999999999995
Zola,Émile,not_applicable,0.00032091579999999996
Baum,Lyman Frank,not_applicable,0.00032091579999999996
Marvell,Andrew,not_applicable,0.00031899999999999995
Smith,Henry,not_applicable,0.00031815140000000005
Davenant,Charles,not_applicable,0.0003177292
Harley,Edward,not_applicable,0.0003177292
Lyttelton,George,not_applicable,0.0003177292
Ireland,Parliament House of Commons,not_applicable,0.0003177292
Boston,Thomas,not_applicable,0.0003177292
Amhurst,Nicholas,not_applicable,0.0003177292
Tindal,N,not_applicable,0.0003177292
Aikin,John,not_applicable,0.0003177292
Trenchard,John,not_applicable,0.0003177292
Patrick,Simon,not_applicable,0.00031605820000000004
Scott,Walter,not_applicable,0.000314299
Lawrence,D H,not_applicable,0.0003116
Cottrell,Stella,not_applicable,0.000311
Oliphant,Margaret,Mrs,0.0003109906
Said,Edward W,not_applicable,0.0003104
Williams,William Carlos,not_applicable,0.000309
Beckett,Samuel,not_applicable,0.0003088
Behn,Aphra,not_applicable,0.0003078
Fielding,Henry,not_applicable,0.000307118
Bunyan,John,not_applicable,0.0003056596
Alexie,Sherman,not_applicable,0.0003038
Williams,Tennessee,not_applicable,0.0003038
Silko,Leslie marmon,not_applicable,0.0003008
Allestree,Richard,not_applicable,0.00029722040000000003
Shenstone,William,not_applicable,0.0002965474
Marshall,Mr,not_applicable,0.0002965474
Campbell,John,not_applicable,0.0002965474
Cook,James,not_applicable,0.0002965474
Guicciardini,Francesco,not_applicable,0.0002965474
Middleton,Conyers,not_applicable,0.0002965474
Martin,Benjamin,not_applicable,0.0002965474
Walpole,Horace,not_applicable,0.00029586120000000003
Dickinson,Emily,not_applicable,0.0002956
Taylor,Jeremy,not_applicable,0.0002951272
Ellison,Ralph,not_applicable,0.00029299999999999997
,Ovid,not_applicable,0.0002904
Ginsberg,Allen,not_applicable,0.000288
Pepys,Samuel,not_applicable,0.0002878316
Douglass,Frederick,not_applicable,0.000287
Trollope,Anthony,not_applicable,0.0002812148
Eagleton,Terry,not_applicable,0.0002808
Maitland,William Fuller,not_applicable,0.00027536540000000005
Guthrie,William,not_applicable,0.00027536540000000005
Ritson,Joseph,not_applicable,0.00027536540000000005
Warton,Joseph,not_applicable,0.00027536540000000005
Jackson,John,not_applicable,0.00027536540000000005
Berkeley,George,not_applicable,0.00027536540000000005
Johnson-Sheehan,Richard,not_applicable,0.0002748
Foucault,Michel,not_applicable,0.0002742
Axelrod,Rise B,not_applicable,0.0002728
Stoker,Bram,not_applicable,0.000272501
Bloom,Harold,not_applicable,0.000268
Lang,Andrew,not_applicable,0.0002679812
Goethe,Johann Wolfgang von,not_applicable,0.0002679812
Flaubert,Gustave,not_applicable,0.00026699439999999997
Oates,Joyce Carol,not_applicable,0.000264
Weinberg,Francine,not_applicable,0.00026199999999999997
Bullock,Richard,not_applicable,0.00026199999999999997
Stratemeyer,Edward,not_applicable,0.0002613644
Jacobs,Harriet A,not_applicable,0.0002612
Jackson,Shirley,not_applicable,0.0002604
Sidney,Philip,not_applicable,0.00025760000000000003
Coetzee,J M,not_applicable,0.0002566
Gioia,Dana,not_applicable,0.0002562
Markham,Gervase,not_applicable,0.0002553584
Sand,George,not_applicable,0.0002547476
Hutchinson,John,not_applicable,0.0002541834
Plautus,Titus Maccius,not_applicable,0.0002541834
Charnock,John,not_applicable,0.0002541834
Price,Richard,not_applicable,0.0002541834
de Coste,Gaultier,not_applicable,0.0002541834
Young,Edward,not_applicable,0.0002541834
Locke,John,not_applicable,0.0002541834
not_applicable,East India Company,not_applicable,0.0002541834
Mallet,David,not_applicable,0.0002541834
de la Roche,Michael,not_applicable,0.0002541834
Cooper,Anthony Ashley,not_applicable,0.0002541834
Law,William,not_applicable,0.0002541834
Erdrich,Louise,not_applicable,0.0002502
Glaspell,Susan,not_applicable,0.00025
,Virgil,not_applicable,0.0002496
not_applicable,England,not_applicable,0.00024907900000000003
Le Queux,William,not_applicable,0.0002481308
Churchill,Winston,not_applicable,0.0002481308
Library of Congress.,Copyright Office,not_applicable,0.0002481308
Bedau,Hugo Adam,not_applicable,0.000245
Vonnegut,Kurt,not_applicable,0.000245
Radcliffe,Ann Ward,not_applicable,0.00024490359999999997
Sherlock,William,not_applicable,0.0002448928
Maupassant,Guy de,not_applicable,0.00024482240000000004
Tolkien,J R R,not_applicable,0.000243
Human Genome Project,Human Genome Project,not_applicable,0.00024151400000000002
Middlebrook,Jonathan,not_applicable,0.00024059999999999997
Cooper,Charles Raymond,not_applicable,0.00024059999999999997
Stillingfleet,Edward,not_applicable,0.0002386136
Welty,Eudora,not_applicable,0.0002386
Malory,Thomas,not_applicable,0.0002383756
Forster,E M,not_applicable,0.00023700000000000001
MacDonald,George,not_applicable,0.00023489719999999998
Browning,Elizabeth Barrett,not_applicable,0.0002346094
Marx,Karl,not_applicable,0.00023459259999999998
Beattie,James,not_applicable,0.00023300140000000002
Barruel,abbé,not_applicable,0.00023300140000000002
Dodsley,James,not_applicable,0.00023300140000000002
Dumouriez,Charles Francois Du Perier,not_applicable,0.00023300140000000002
Hughs,Henry,not_applicable,0.00023300140000000002
Scott,John,not_applicable,0.00023300140000000002
Reed,Isaac,not_applicable,0.00023300140000000002
Pratt,Mr,not_applicable,0.00023300140000000002
Hoadly,Benjamin,not_applicable,0.00023300140000000002
Johnstone,Charles,not_applicable,0.00023300140000000002
Hurd,Richard,not_applicable,0.00023300140000000002
Gisborne,Thomas,not_applicable,0.00023300140000000002
Conan Doyle,Arthur,not_applicable,0.00023280000000000002
Boyle,Robert,not_applicable,0.00023024120000000002
Rushdie,Salman,not_applicable,0.00023019999999999998
Cather,Willa,not_applicable,0.0002297926
Brooks,Gwendolyn,not_applicable,0.00022799999999999999
Haggard,Henry Rider,not_applicable,0.0002249718
Stevens,Wallace,not_applicable,0.00022339999999999998
Wither,George,not_applicable,0.00022186879999999999
Paine,Charles,not_applicable,0.0002218
Thackeray,William Makepeace,not_applicable,0.00022166339999999998
Hope,Laura Lee,not_applicable,0.00022166339999999998
Bronte,Charlotte,not_applicable,0.0002212
Borges,Jorge Luis,not_applicable,0.000221
Hansberry,Lorraine,not_applicable,0.0002208
Bean,JohnC,not_applicable,0.00022
Heaney,Seamus,not_applicable,0.00021920000000000004
Plato,not_applicable,not_applicable,0.000218355
Hume,Fergus,not_applicable,0.000218355
Sue,Eugène,not_applicable,0.000218355
Yonge,Charlotte Mary,not_applicable,0.000218355
Spiegelman,Art,not_applicable,0.000218
Greene,Robert,not_applicable,0.0002176826
Fowler,H Ramsey,not_applicable,0.00021700000000000002
Burroway,Janet,not_applicable,0.0002164
King,Stephen,not_applicable,0.00021559999999999998
not_applicable,Scotland,not_applicable,0.00021558939999999997
Ireland,Lords Justices and Council,not_applicable,0.00021558939999999997
Matsuda,Paul Kei,not_applicable,0.0002154
Ramage,John D,not_applicable,0.000215
Pater,Walter,not_applicable,0.0002141178
Tardy,Christine M,not_applicable,0.000213
Ballenger,Bruce P,not_applicable,0.00021260000000000002
not_applicable,Euclid,not_applicable,0.00021181960000000001
Great Britain,Parliament House of Lords,,0.00021181960000000001
Tucker,Josiah,not_applicable,0.00021181960000000001
Norris,John,not_applicable,0.00021181960000000001
Jones,Stephen,not_applicable,0.00021181960000000001
Robertson,William,not_applicable,0.00021181960000000001
Dodd,William,not_applicable,0.00021181960000000001
Library of Congress,Harry Houdini Collection,not_applicable,0.00021181960000000001
Pindar,Peter,not_applicable,0.00021181960000000001
Gunning,not_applicable,Mrs,0.00021181960000000001
Witherspoon,John,not_applicable,0.00021181960000000001
de Mairobert,Mathieu François Pidanzat,not_applicable,0.00021181960000000001
Marshall,Joseph,not_applicable,0.00021181960000000001
Whitehead,William,not_applicable,0.00021181960000000001
Zimmermann,Johann Georg,not_applicable,0.00021181960000000001
Crévier,Jean Baptiste Louis,not_applicable,0.00021181960000000001
Library of Congress,John Davis Batchelder Collection,not_applicable,0.00021181960000000001
Harris,James,not_applicable,0.00021181960000000001
Hervey,Frederic,not_applicable,0.00021181960000000001
Hutcheson,Francis,not_applicable,0.00021181960000000001
Anstey,Christopher,not_applicable,0.00021181960000000001
Cervantes Saavedra,Miguel de,not_applicable,0.0002117382
Harte,Bret,not_applicable,0.0002117382
Butler,Octavia E,not_applicable,0.00021059999999999997
,Augustine,not_applicable,0.0002098
,Aeschylus,not_applicable,0.00020899999999999998
Alighieri,Dante,not_applicable,0.0002084298
Brontë,Charlotte,not_applicable,0.000208301
Mill,John Stuart,not_applicable,0.000206643
Baring-Gould,Sabine,not_applicable,0.0002051214
Burroughs,Edgar Rice,not_applicable,0.0002051214
Damrosch,David,not_applicable,0.00020339999999999998
Meyer,Michael,not_applicable,0.0002032
Optic,Oliver,not_applicable,0.000201813
Alcott,Louisa May,not_applicable,0.000201813
Oppenheim,Edward Phillips,not_applicable,0.000201813
Goethe,Johann Wolfgang Von,not_applicable,0.0002002
Ellis,Edward Sylvester,not_applicable,0.0001985046
Wells,Carolyn,not_applicable,0.0001985046
Schiller,Friedrich,not_applicable,0.0001985046
Hong Kingston,Maxine,not_applicable,0.00019620000000000003
Jewett,Sarah Orne,not_applicable,0.00019580939999999997
Wells,H G,not_applicable,0.00019579999999999996
France,Anatole,not_applicable,0.0001951962
Markel,Michael H,not_applicable,0.0001942
Plath,Sylvia,not_applicable,0.0001938
Roethke,Theodore,not_applicable,0.0001936
Wright,Richard,not_applicable,0.0001932
Reinking,James A,not_applicable,0.00019260000000000002
Camus,Albert,not_applicable,0.0001924
von der Osten,Robert,not_applicable,0.00019199999999999998
Molesworth,not_applicable,Mrs,0.0001918878
Warner,Charles Dudley,not_applicable,0.0001918878
Gates,Henry Louis,not_applicable,0.0001918
DeLillo,Don,not_applicable,0.0001912
Williams,Raymond,not_applicable,0.00019100000000000003
Barthes,Roland,not_applicable,0.00019
Roberts,Edgar V,not_applicable,0.00018920000000000002
Reid,Mayne,not_applicable,0.0001885794
Galsworthy,John,not_applicable,0.0001885794
Strindberg,August,not_applicable,0.0001885794
Hugo,Victor,not_applicable,0.0001885794
,Voltaire,not_applicable,0.0001868
"Little, Brown and Company",,not_applicable,0.0001858
Meade,L. T.,not_applicable,0.000185271
Butler,Judith,not_applicable,0.00018399999999999997
Mays,Kelly J,not_applicable,0.0001836
Press Collection,Library of Congress,not_applicable,0.00018280000000000003
Stein,Gertrude,not_applicable,0.00018280000000000003
Rossetti,Christina Georgina,not_applicable,0.00018280000000000003
Thrall,William Flint,not_applicable,0.00018260000000000002
Burnett,Frances Hodgson,not_applicable,0.0001819626
Lever,Charles James,not_applicable,0.0001819626
Rhys,Jean,not_applicable,0.0001816
Holman,C Hugh,not_applicable,0.0001804
Momaday,N Scott,not_applicable,0.0001798
Howard,Rebecca Moore,not_applicable,0.0001796
Huxley,Thomas Henry,not_applicable,0.0001786542
Booth,Wayne C,not_applicable,0.0001784
Nabokov,Vladimir Vladimirovich,not_applicable,0.000176
Bennett,Arnold,not_applicable,0.00017534579999999998
Abbott,Jacob,not_applicable,0.00017534579999999998
Ruskin,John,not_applicable,0.00017534579999999998
Pynchon,Thomas,not_applicable,0.000173
Huxley,Aldous,not_applicable,0.0001727756
Larsen,Nella,not_applicable,0.0001724
Marryat,Frederick,not_applicable,0.0001720374
More,Thomas,not_applicable,0.0001714
Dillard,Annie,not_applicable,0.0001714
Charters,Ann,not_applicable,0.00017079999999999998
Rich,Adrienne,not_applicable,0.0001702
Collins,Wilkie,not_applicable,0.000168729
Benjamin,Walter,not_applicable,0.0001672
McWhorter,Kathleen T,not_applicable,0.0001668
Stephen,Martin,not_applicable,0.00016579999999999996
Davis,Richard Harding,not_applicable,0.0001654204
James,George Payne Rainsford,not_applicable,0.0001654204
Chesterton,Gilbert Keith,not_applicable,0.0001654204
Carter,Angela,not_applicable,0.0001644
Bradford,William,not_applicable,0.000164
Benson,Edward Frederic,not_applicable,0.000162112
Kingsley,Charles,not_applicable,0.000162112
Aimard,Gustave,not_applicable,0.000162112
Cooper,James Fenimore,not_applicable,0.000162112
Garrett,Randall,not_applicable,0.000162112
Wyrick,Jean,not_applicable,0.00016079999999999998
Bronte,Emily,not_applicable,0.00016
Castelo Branco,Camilo,not_applicable,0.00015880360000000002
Blasco Ibáñez,Vicente,not_applicable,0.00015880360000000002
Williams,Graham,not_applicable,0.0001588
Press,Florin,not_applicable,0.0001588
Glenn,Cheryl,not_applicable,0.0001578
Greenblatt,Stephen,not_applicable,0.0001572
Raimes,Ann,not_applicable,0.0001566
Brody,Michal,not_applicable,0.00015560000000000001
,Aristophanes,not_applicable,0.00015560000000000001
Lebert,Marie,not_applicable,0.0001554952
Crawford,Francis Marion,not_applicable,0.0001554952
Stowe,Harriet Beecher,not_applicable,0.0001554952
Rowling,J K,not_applicable,0.0001524
Gerstäcker,Friedrich,not_applicable,0.00015218679999999998
Chambers,Robert William,not_applicable,0.00015218679999999998
Otis,James,not_applicable,0.00015218679999999998
Bradbury,Ray,not_applicable,0.0001516
Le Guin,Ursula K,not_applicable,0.0001494
Lauter,Paul,not_applicable,0.000149
Wodehouse,Pelham Grenville,not_applicable,0.0001488784
Richards,Laura Elizabeth Howe,not_applicable,0.0001488784
Whittier,John Greenleaf,not_applicable,0.0001488784
Lahiri,Jhumpa,not_applicable,0.0001488
Lodge,David,not_applicable,0.00014859999999999998
Stoppard,Tom,not_applicable,0.00014859999999999998
Dante,,not_applicable,0.0001484
Reynolds,Nedra,not_applicable,0.0001484
Edwards,Jonathan,not_applicable,0.0001478
Machiavelli,Niccolo,not_applicable,0.00014759999999999998
Winterson,Jeanette,not_applicable,0.0001468
Tiffin,Helen,not_applicable,0.0001464
Ashcroft,Bill,not_applicable,0.000146
Borrow,George,not_applicable,0.00014557
Bindloss,Harold,not_applicable,0.00014557
Snell,Roy J. (Roy Judson),not_applicable,0.00014557
Derrida,Jacques,not_applicable,0.000145
Satrapi,Marjane,not_applicable,0.0001424
Burgess,Thornton Waldo,not_applicable,0.00014226160000000001
Macaulay,Thomas Babington,not_applicable,0.00014226160000000001
Castlemon,Harry,not_applicable,0.00014226160000000001
McCarthy,Cormac,not_applicable,0.00014220000000000001
Modern Language Association of America,,not_applicable,0.000141
Lamott,Anne,not_applicable,0.0001408
Mack,Maynard,not_applicable,0.0001408
Showalter,Elaine,not_applicable,0.00014
Mansfield,Katherine,not_applicable,0.00014
de France,Marie,not_applicable,0.0001396
Harris,Muriel,not_applicable,0.0001396
Westerman,Percy Francis,not_applicable,0.00013895320000000002
Jerome,Jerome Klapka,not_applicable,0.00013895320000000002
Poe,Edgar Allan,not_applicable,0.00013895320000000002
Bailey,Arthur Scott,not_applicable,0.00013895320000000002
Barbour,Ralph Henry,not_applicable,0.00013895320000000002
Nietzsche,Friedrich Wilhelm,not_applicable,0.00013895320000000002
Bradbury,Malcolm,not_applicable,0.0001378
Dick,Philip K,not_applicable,0.0001378
not_applicable,Molière,not_applicable,0.00013564479999999998
Daudet,Alphonse,not_applicable,0.00013564479999999998
Quiller-Couch,Arthur,not_applicable,0.00013564479999999998
Pérez Galdós,Benito,not_applicable,0.00013564479999999998
Garis,Howard Roger,not_applicable,0.00013564479999999998
Carlyle,Thomas,not_applicable,0.00013564479999999998
Topelius,Zacharias,not_applicable,0.00013564479999999998
Becke,Louis,not_applicable,0.0001323364
Michelet,Jules,not_applicable,0.0001323364
Goldfrap,John Henry,not_applicable,0.0001323364
Green,Anna Katharine,not_applicable,0.0001323364
Nesbit,Edith,not_applicable,0.0001323364
Casanova,Giacomo,not_applicable,0.0001323364
Yeats,William Butler,not_applicable,0.0001323364
Hancock,Harrie Irving,not_applicable,0.0001323364
Loti,Pierre,not_applicable,0.000129028
Leinster,Murray,not_applicable,0.000129028
Bangs,John Kendrick,not_applicable,0.000129028
de la Fontaine,Jean,not_applicable,0.0001257196
Johnston,Annie Fellows,not_applicable,0.0001257196
Piper,H. Beam,not_applicable,0.0001257196
Holmes,Oliver Wendell,not_applicable,0.00012241120000000002
Bjørnson,Bjørnstjerne,not_applicable,0.00012241120000000002
Wiggin,Kate Douglas Smith,not_applicable,0.00012241120000000002
Wood,Henry,Mrs,0.00012241120000000002
Hope,Anthony,not_applicable,0.00012241120000000002
Sienkiewicz,Henryk,not_applicable,0.0001191028
Curwood,James Oliver,not_applicable,0.0001191028
Braddon,M. E. (Mary Elizabeth),not_applicable,0.0001191028
Lagerlöf,Selma,not_applicable,0.0001191028
Hoare,Edward,not_applicable,0.0001157944
Stockton,Frank Richard,not_applicable,0.0001157944
McCutcheon,George Barr,not_applicable,0.0001157944
Turgenev,Ivan Sergeevich,not_applicable,0.0001157944
Finley,Martha,not_applicable,0.0001157944
Harper,Charles G. (Charles George),not_applicable,0.0001157944
Williamson,A. M. (Alice Muriel),not_applicable,0.00011248600000000001
Collingwood,Harry,not_applicable,0.00011248600000000001
Van Dyke,Henry,not_applicable,0.00011248600000000001
Altsheler,Joseph A. (Joseph Alexander),not_applicable,0.00011248600000000001
Ward,Humphry,Mrs,0.00011248600000000001
Sinclair,Upton,not_applicable,0.00011248600000000001
United States.,Work Projects Administration,not_applicable,0.00011248600000000001
Tagore,Rabindranath,not_applicable,0.00011248600000000001
Barrie,J. M. (James Matthew),not_applicable,0.0001091776
Appleton,Victor,not_applicable,0.0001091776
Chase,Josephine,not_applicable,0.0001091776
Strang,Herbert,not_applicable,0.0001091776
Allen,Grant,not_applicable,0.0001091776
Gaboriau,Emile,not_applicable,0.0001091776
Palacio Valdés,Armando,not_applicable,0.0001091776
Gorky,Maksim,not_applicable,0.0001091776
Matthews,Stanley R.,not_applicable,0.0001058692
Grey,Zane,not_applicable,0.0001058692
Paine,Albert Bigelow,not_applicable,0.0001058692
Gibbon,Edward,not_applicable,0.0001058692
Le Fanu,Joseph Sheridan,not_applicable,0.0001058692
Ingersoll,Robert Green,not_applicable,0.0001058692
Arthur,T. S. (Timothy Shay),not_applicable,0.0001058692
Warner,Susan,not_applicable,0.00010256080000000001
Besant,Walter,not_applicable,0.00010256080000000001
Lamartine,Alphonse de,not_applicable,0.00010256080000000001
Roberts,Charles G. D.,not_applicable,0.00010256080000000001
Andersen,H. C. (Hans Christian),not_applicable,0.00010256080000000001
Aho,Juhani,not_applicable,0.00010256080000000001
Fitzhugh,Percy Keese,not_applicable,0.00010256080000000001
Williamson,C. N. (Charles Norris),not_applicable,0.00010256080000000001
Bower,B. M.,not_applicable,9.92522e-05
Lawrence,D. H. (David Herbert),not_applicable,9.92522e-05
Hall,E. Raymond (Eugene Raymond),not_applicable,9.92522e-05
Hornung,E. W. (Ernest William),not_applicable,9.92522e-05
Morley,John,not_applicable,9.92522e-05
Abbott,John S. C. (John Stevens Cabot),not_applicable,9.92522e-05
Maeterlinck,Maurice,not_applicable,9.92522e-05
Wirt,Mildred A. (Mildred Augustine),not_applicable,9.92522e-05
Tracy,Louis,not_applicable,9.92522e-05
McGuinn,Roger,not_applicable,9.92522e-05
Rolland,Romain,not_applicable,9.92522e-05
Weyman,Stanley John,not_applicable,9.92522e-05
United States.,National Park Service,not_applicable,9.92522e-05
Montgomery,L. M. (Lucy Maud),not_applicable,9.92522e-05
Lassila,Maiju,not_applicable,9.92522e-05
not_applicable,Aesop,not_applicable,9.59438e-05
Cannon,Richard,not_applicable,9.59438e-05
Montaigne,Michel de,not_applicable,9.59438e-05
Rinehart,Mary Roberts,not_applicable,9.59438e-05
Spyri,Johanna,not_applicable,9.59438e-05
Farjeon,B. L. (Benjamin Leopold),not_applicable,9.59438e-05
Holinshed,Raphael,not_applicable,9.59438e-05
Belloc,Hilaire,not_applicable,9.263539999999998e-05
King,Charles,not_applicable,9.263539999999998e-05
not_applicable,Chautauqua Institution,not_applicable,9.263539999999998e-05
Weymouth,Richard Francis,not_applicable,9.263539999999998e-05
Hichens,Robert,not_applicable,9.263539999999998e-05
Vaknin,Samuel,not_applicable,9.263539999999998e-05
Morris,William,not_applicable,9.263539999999998e-05
not_applicable,Chautauqua Literary and Scientific Circle,not_applicable,9.263539999999998e-05
Potter,Beatrix,not_applicable,8.932700000000001e-05
Barr,Amelia E.,not_applicable,8.932700000000001e-05
Mitford,Bertram,not_applicable,8.932700000000001e-05
Tarkington,Booth,not_applicable,8.932700000000001e-05
Guerrazzi,Francesco Domenico,not_applicable,8.932700000000001e-05
Stables,Gordon,not_applicable,8.932700000000001e-05
Cobb,Irvin S. (Irvin Shrewsbury),not_applicable,8.932700000000001e-05
Vandercook,Margaret,not_applicable,8.932700000000001e-05
Bracco,Roberto,not_applicable,8.932700000000001e-05
Gautier,Théophile,not_applicable,8.932700000000001e-05
Locke,William John,not_applicable,8.932700000000001e-05
Brazil,Angela,not_applicable,8.932700000000001e-05
Hough,Emerson,not_applicable,8.60186e-05
Atherton,Gertrude Franklin Horn,not_applicable,8.60186e-05
Fletcher,John,not_applicable,8.60186e-05
Burroughs,John,not_applicable,8.60186e-05
Murfree,Mary Noailles,not_applicable,8.60186e-05
Leblanc,Maurice,not_applicable,8.60186e-05
Féval,Paul,not_applicable,8.60186e-05
Page,Thomas Nelson,not_applicable,8.60186e-05
Maugham,W. Somerset (William Somerset),not_applicable,8.60186e-05
Nourse,Alan Edward,not_applicable,8.60186e-05
Kant,Immanuel,not_applicable,8.27102e-05
May,Sophie,not_applicable,8.27102e-05
Lessing,Gotthold Ephraim,not_applicable,8.27102e-05
Blackmore,R. D. (Richard Doddridge),not_applicable,8.27102e-05
Baroja,Pío,not_applicable,8.27102e-05
Päivärinta,Pietari,not_applicable,8.27102e-05
Gogol,Nikolai Vasilevich,not_applicable,8.27102e-05
Reynolds,Mack,not_applicable,8.27102e-05
Freeman,Mary Eleanor Wilkins,not_applicable,8.27102e-05
Smith,Francis Hopkinson,not_applicable,8.27102e-05
Standish,Burt L.,not_applicable,8.27102e-05
Bierce,Ambrose,not_applicable,8.27102e-05
Chapman,Allen,not_applicable,8.27102e-05
Swinburne,Algernon Charles,not_applicable,8.27102e-05
Lincoln,Abraham,not_applicable,8.27102e-05
Gissing,George,not_applicable,7.940180000000001e-05
not_applicable,Ouida,not_applicable,7.940180000000001e-05
Grimm,Wilhelm,not_applicable,7.940180000000001e-05
Edgeworth,Maria,not_applicable,7.940180000000001e-05
Grimm,Jacob,not_applicable,7.940180000000001e-05
Smith,J. Jay (John Jay),not_applicable,7.940180000000001e-05
Pyle,Howard,not_applicable,7.940180000000001e-05
Young,Clarence,not_applicable,7.940180000000001e-05
Orczy,Emmuska,not_applicable,7.940180000000001e-05
Wilcox,Ella Wheeler,not_applicable,7.940180000000001e-05
Brinton,Daniel G. (Daniel Garrison),not_applicable,7.940180000000001e-05
Blackwood,Algernon,not_applicable,7.940180000000001e-05
Brehm,Alfred Edmund,not_applicable,7.940180000000001e-05
Luther,Martin,not_applicable,7.609339999999999e-05
Bourget,Paul,not_applicable,7.609339999999999e-05
de Horne Vaizey,George,Mrs,7.609339999999999e-05
Heyse,Paul,not_applicable,7.609339999999999e-05
Garland,Hamlin,not_applicable,7.609339999999999e-05
Barr,Robert,not_applicable,7.609339999999999e-05
Crane,Walter,not_applicable,7.609339999999999e-05
White,Stewart Edward,not_applicable,7.609339999999999e-05
Beethoven,Ludwig van,not_applicable,7.609339999999999e-05
Penrose,Margaret,not_applicable,7.609339999999999e-05
Marlowe,Stephen,not_applicable,7.609339999999999e-05
Couperus,Louis,not_applicable,7.609339999999999e-05
Bellamy,Edward,not_applicable,7.609339999999999e-05
Church,J. (John),not_applicable,7.609339999999999e-05
Järnefelt,Arvid,not_applicable,7.609339999999999e-05
Emerson,Alice B.,not_applicable,7.609339999999999e-05
Sumner,Charles,not_applicable,7.609339999999999e-05
Caine,Hall,not_applicable,7.609339999999999e-05
Darío,Rubén,not_applicable,7.609339999999999e-05
Malot,Hector,not_applicable,7.609339999999999e-05
Thiers,Adolphe,not_applicable,7.2785e-05
MacGrath,Harold,not_applicable,7.2785e-05
De Amicis,Edmondo,not_applicable,7.2785e-05
Butler,Ellis Parker,not_applicable,7.2785e-05
Holt,Emily Sarah,not_applicable,7.2785e-05
Guizot,François,not_applicable,7.2785e-05
Moore,Frank Frankfort,not_applicable,7.2785e-05
Leiber,Fritz,not_applicable,7.2785e-05
Barrili,Anton Giulio,not_applicable,7.2785e-05
Mühlbach,L. (Luise),not_applicable,7.2785e-05
Fletcher,J. S. (Joseph Smith),not_applicable,7.2785e-05
Riley,James Whitcomb,not_applicable,7.2785e-05
Hearn,Lafcadio,not_applicable,7.2785e-05
Holley,Marietta,not_applicable,7.2785e-05
Sinclair,May,not_applicable,7.2785e-05
Kock,Paul de,not_applicable,7.2785e-05
Sabatini,Rafael,not_applicable,7.2785e-05
Speight,T. W. (Thomas Wilkinson),not_applicable,7.2785e-05
Storm,Theodor,not_applicable,7.2785e-05
Raine,William MacLeod,not_applicable,7.2785e-05
not_applicable,Euripides,not_applicable,7.2785e-05
Stacpoole,H. De Vere (Henry De Vere),not_applicable,7.2785e-05
Carleton,William,not_applicable,6.947660000000001e-05
De Quincey,Thomas,not_applicable,6.947660000000001e-05
Wassermann,Jakob,not_applicable,6.947660000000001e-05
Ainsworth,William Harrison,not_applicable,6.947660000000001e-05
United States.,Central Intelligence Agency,not_applicable,6.947660000000001e-05
Mason,A. E. W. (Alfred Edward Woodley),not_applicable,6.947660000000001e-05
Roosevelt,Theodore,not_applicable,6.947660000000001e-05
Marsh,Richard,not_applicable,6.947660000000001e-05
Herford,Oliver,not_applicable,6.947660000000001e-05
Holmes,Mary Jane,not_applicable,6.947660000000001e-05
Wade,Mary Hazelton Blanchard,not_applicable,6.947660000000001e-05
Cawein,Madison Julius,not_applicable,6.947660000000001e-05
Rousseau,Jean-Jacques,not_applicable,6.947660000000001e-05
Black,William,not_applicable,6.947660000000001e-05
Ritchie,J. Ewing (James Ewing),not_applicable,6.947660000000001e-05
Hubbard,Elbert,not_applicable,6.947660000000001e-05
Longfellow,Henry Wadsworth,not_applicable,6.947660000000001e-05
Phillpotts,Eden,not_applicable,6.947660000000001e-05
Griffiths,Arthur,not_applicable,6.947660000000001e-05
Leino,Eino,not_applicable,6.947660000000001e-05
Goncourt,Edmond de,not_applicable,6.947660000000001e-05
de Pardo Bazán,Emilia,not_applicable,6.947660000000001e-05
Seton,Ernest Thompson,not_applicable,6.947660000000001e-05
Home,Gordon,not_applicable,6.947660000000001e-05
Conscience,Hendrik,not_applicable,6.947660000000001e-05
Rizal,José,not_applicable,6.61682e-05
Maclaren,Alexander,not_applicable,6.61682e-05
Douglas,Amanda M.,not_applicable,6.61682e-05
Besant,Annie,not_applicable,6.61682e-05
Schopenhauer,Arthur,not_applicable,6.61682e-05
Steel,Flora Annie Webster,not_applicable,6.61682e-05
Baker,George M. (George Melville),not_applicable,6.61682e-05
Masefield,John,not_applicable,6.61682e-05
Ballou,Maturin M. (Maturin Murray),not_applicable,6.61682e-05
Ewing,Juliana Horatia Gatty,not_applicable,6.61682e-05
Krohn,Julius,not_applicable,6.61682e-05
Leslie,Madeline,not_applicable,6.61682e-05
Catherwood,Mary Hartwell,not_applicable,6.61682e-05
Gourmont,Remy de,not_applicable,6.61682e-05
Jefferies,Richard,not_applicable,6.61682e-05
Sheckley,Robert,not_applicable,6.61682e-05
Crockett,S. R. (Samuel Rutherford),not_applicable,6.61682e-05
Honig,Winfried,not_applicable,6.61682e-05
not_applicable,Xenophon,not_applicable,6.61682e-05
not_applicable,Stendhal,not_applicable,6.61682e-05
Henry,O.,not_applicable,6.28598e-05
Hamsun,Knut,not_applicable,6.28598e-05
Bacheller,Irving,not_applicable,6.28598e-05
not_applicable,Erckmann-Chatrian,not_applicable,6.28598e-05
Atkinson,William Walker,not_applicable,6.28598e-05
Hauff,Wilhelm,not_applicable,6.28598e-05
Hudson,W. H. (William Henry),not_applicable,6.28598e-05
Aldrich,Thomas Bailey,not_applicable,6.28598e-05
McVeigh Miller,Alex,Mrs,6.28598e-05
Johnston,Mary,not_applicable,6.28598e-05
Lincoln,Joseph Crosby,not_applicable,6.28598e-05
Dewey,John,not_applicable,6.28598e-05
Fiske,John,not_applicable,6.28598e-05
Frazer,James George,not_applicable,6.28598e-05
Lord,John,not_applicable,6.28598e-05
Walpole,Hugh,not_applicable,6.28598e-05
Glyn,Elinor,not_applicable,6.28598e-05
Pimentel,Alberto,not_applicable,6.28598e-05
Disraeli,Benjamin,not_applicable,6.28598e-05
Werner,E.,not_applicable,6.28598e-05
Hoffmann,E. T. A. (Ernst Theodor Amadeus),not_applicable,6.28598e-05
Roe,Edward Payson,not_applicable,6.28598e-05
Everett-Green,Evelyn,not_applicable,6.28598e-05
Webster,Frank V.,not_applicable,6.28598e-05
Eggleston,George Cary,not_applicable,6.28598e-05
Sudermann,Hermann,not_applicable,6.28598e-05
Kerr,Robert,not_applicable,5.95514e-05
Lie,Jonas,not_applicable,5.95514e-05
Munroe,Kirk,not_applicable,5.95514e-05
Roy,Lillian Elizabeth,not_applicable,5.95514e-05
Saint-Simon,Louis de Rouvroy,not_applicable,5.95514e-05
Cullum,Ridgwell,not_applicable,5.95514e-05
Burton,Richard Francis,not_applicable,5.95514e-05
Shaler,Robert,not_applicable,5.95514e-05
Rohmer,Sax,not_applicable,5.95514e-05
Russell,William Clark,not_applicable,5.95514e-05
not_applicable,Duchess,not_applicable,5.95514e-05
Harris,Joel Chandler,not_applicable,5.95514e-05
Ashton,John,not_applicable,5.95514e-05
Hakluyt,Richard,not_applicable,5.95514e-05
De Mille,James,not_applicable,5.95514e-05
Field,Eugene,not_applicable,5.95514e-05
Moore,George,not_applicable,5.95514e-05
Pushkin,Aleksandr Sergeevich,not_applicable,5.95514e-05
Benson,Arthur Christopher,not_applicable,5.95514e-05
Stevenson,Burton Egbert,not_applicable,5.95514e-05
Hayes,Clair W. (Clair Wallace),not_applicable,5.95514e-05
Morris,Charles,not_applicable,5.95514e-05
Anstey,F.,not_applicable,5.95514e-05
Brereton,F. S. (Frederick Sadleir),not_applicable,5.95514e-05
Mitton,G. E. (Geraldine Edith),not_applicable,5.95514e-05
Webster,Jean,not_applicable,5.6243000000000003e-05
Chadwick,Lester,not_applicable,5.6243000000000003e-05
Maclaren,Ian,not_applicable,5.6243000000000003e-05
McElroy,John,not_applicable,5.6243000000000003e-05
Buchan,John,not_applicable,5.6243000000000003e-05
Symonds,John Addington,not_applicable,5.6243000000000003e-05
Hutcheson,John C. (John Conroy),not_applicable,5.6243000000000003e-05
Wilkuna,Kyösti,not_applicable,5.6243000000000003e-05
Feuillet,Octave,not_applicable,5.6243000000000003e-05
Dunsany,Lord,not_applicable,5.6243000000000003e-05
Bourrienne,Louis Antoine Fauvelet de,not_applicable,5.6243000000000003e-05
Mansfield,M. F. (Milburg Francisco),not_applicable,5.6243000000000003e-05
Serao,Matilde,not_applicable,5.6243000000000003e-05
Martineau,Harriet,not_applicable,5.6243000000000003e-05
Beach,Rex,not_applicable,5.6243000000000003e-05
Le Gallienne,Richard,not_applicable,5.6243000000000003e-05
Rockwood,Roy,not_applicable,5.6243000000000003e-05
Hesse,Hermann,not_applicable,5.6243000000000003e-05
Smith,Evelyn E.,not_applicable,5.6243000000000003e-05
Thorne,Guy,not_applicable,5.6243000000000003e-05
Craik,Dinah Maria Mulock,not_applicable,5.6243000000000003e-05
Coolidge,Susan,not_applicable,5.6243000000000003e-05
not_applicable,Aristophanes,not_applicable,5.6243000000000003e-05
Lewis,Alfred Henry,not_applicable,5.6243000000000003e-05
Hulbert,Archer Butler,not_applicable,5.6243000000000003e-05
Fontenay,Charles L.,not_applicable,5.6243000000000003e-05
Buysse,Cyriel,not_applicable,5.6243000000000003e-05
Erasmus,Desiderius,not_applicable,5.6243000000000003e-05
Wallace,Edgar,not_applicable,5.6243000000000003e-05
Boothby,Guy,not_applicable,5.6243000000000003e-05
Shoghi,Effendi,not_applicable,5.6243000000000003e-05
Haeckel,Ernst,not_applicable,5.6243000000000003e-05
Dell,Ethel M. (Ethel May),not_applicable,5.6243000000000003e-05
Raymond,Evelyn,not_applicable,5.6243000000000003e-05
Lynde,Francis,not_applicable,5.6243000000000003e-05
Ralphson,G. Harvey (George Harvey),not_applicable,5.6243000000000003e-05
Grote,George,not_applicable,5.6243000000000003e-05
Leacock,Stephen,not_applicable,5.6243000000000003e-05
Quental,Antero de,not_applicable,5.29346e-05
Reeve,Arthur B. (Arthur Benjamin),not_applicable,5.29346e-05
Wallace,Alfred Russel,not_applicable,5.29346e-05
Parkman,Francis,not_applicable,5.29346e-05
Walton,Bryce,not_applicable,5.29346e-05
Roberts,B. H. (Brigham Henry),not_applicable,5.29346e-05
Lowndes,Marie Belloc,not_applicable,5.29346e-05
Hewlett,Maurice,not_applicable,5.29346e-05
Brand,Max,not_applicable,5.29346e-05
Canth,Minna,not_applicable,5.29346e-05
Speed,Nell,not_applicable,5.29346e-05
Mérimée,Prosper,not_applicable,5.29346e-05
Connor,Ralph,not_applicable,5.29346e-05
Parrish,Randall,not_applicable,5.29346e-05
Dowling,Richard,not_applicable,5.29346e-05
Adams,Samuel Hopkins,not_applicable,5.29346e-05
Bassett,Sara Ware,not_applicable,5.29346e-05
Ségur,Sophie,not_applicable,5.29346e-05
Reed,Talbot Baines,not_applicable,5.29346e-05
Knox,Thomas Wallace,not_applicable,5.29346e-05
Raabe,Wilhelm,not_applicable,5.29346e-05
de Sismondi,Jean-Charles-Léonard Simon,not_applicable,5.29346e-05
not_applicable,Aristotle,not_applicable,5.29346e-05
not_applicable,Aeschylus,not_applicable,5.29346e-05
United States.,Warren Commission,not_applicable,5.29346e-05
Holberg,Ludvig,not_applicable,5.29346e-05
Guiney,Louise Imogen,not_applicable,5.29346e-05
Edschmid,Kasimir,not_applicable,5.29346e-05
Goncourt,Jules de,not_applicable,5.29346e-05
Reade,Charles,not_applicable,5.29346e-05
Dawson,Coningsby,not_applicable,5.29346e-05
Lönnrot,Elias,not_applicable,5.29346e-05
Phelps,Elizabeth Stuart,not_applicable,5.29346e-05
Viollet-le-Duc,Eugène-Emmanuel,not_applicable,5.29346e-05
Burney,Fanny,not_applicable,5.29346e-05
Norton,Andre,not_applicable,5.29346e-05
Grillparzer,Franz,not_applicable,5.29346e-05
Stratton-Porter,Gene,not_applicable,5.29346e-05
Gibbs,George,not_applicable,5.29346e-05
Hill,Grace Livingston,not_applicable,5.29346e-05
Fyfe,H. B. (Horace Bowne),not_applicable,5.29346e-05
Heine,Heinrich,not_applicable,5.29346e-05
Merriman,Henry Seton,not_applicable,5.29346e-05
Taine,Hippolyte,not_applicable,5.29346e-05
Zangwill,Israel,not_applicable,5.29346e-05
Runeberg,Johan Ludvig,not_applicable,5.29346e-05
Valera,Juan,not_applicable,5.29346e-05
Mahan,A. T. (Alfred Thayer),not_applicable,4.962619999999999e-05
Church,Alfred John,not_applicable,4.962619999999999e-05
not_applicable,Suetonius,not_applicable,4.962619999999999e-05
Bates,Arlo,not_applicable,4.962619999999999e-05
Auerbach,Berthold,not_applicable,4.962619999999999e-05
Senarens,Luis,not_applicable,4.962619999999999e-05
Corelli,Marie,not_applicable,4.962619999999999e-05
Harland,Marion,not_applicable,4.962619999999999e-05
Saunders,Marshall,not_applicable,4.962619999999999e-05
Reed,Myrtle,not_applicable,4.962619999999999e-05
Webster,Noah,not_applicable,4.962619999999999e-05
Wagner,Richard,not_applicable,4.962619999999999e-05
Bowen,Robert Sidney,not_applicable,4.962619999999999e-05
Boldrewood,Rolf,not_applicable,4.962619999999999e-05
Merwin,Samuel,not_applicable,4.962619999999999e-05
Alkio,Santeri,not_applicable,4.962619999999999e-05
Ivalo,Santeri,not_applicable,4.962619999999999e-05
Moodie,Susanna,not_applicable,4.962619999999999e-05
Hahnsson,Theodolinda,not_applicable,4.962619999999999e-05
Moore,Thomas,not_applicable,4.962619999999999e-05
Kataja,Väinö,not_applicable,4.962619999999999e-05
Lee,Vernon,not_applicable,4.962619999999999e-05
Marks,Winston K. (Winston Kinney),not_applicable,4.962619999999999e-05
not_applicable,A. L. O. E.,not_applicable,4.962619999999999e-05
Tieck,Ludwig,not_applicable,4.962619999999999e-05
Vance,Louis Joseph,not_applicable,4.962619999999999e-05
Kianto,Ilmari,not_applicable,4.962619999999999e-05
Patchin,Frank Gee,not_applicable,4.962619999999999e-05
Lamb,Charles,not_applicable,4.962619999999999e-05
Morley,Christopher,not_applicable,4.962619999999999e-05
Woolson,Constance Fenimore,not_applicable,4.962619999999999e-05
Cory,David,not_applicable,4.962619999999999e-05
Murray,David Christie,not_applicable,4.962619999999999e-05
Saltus,Edgar,not_applicable,4.962619999999999e-05
Porter,Eleanor H. (Eleanor Hodgman),not_applicable,4.962619999999999e-05
de Chateaubriand,François-René,not_applicable,4.962619999999999e-05
not_applicable,Virgil,not_applicable,4.962619999999999e-05
Schoolcraft,Henry Rowe,not_applicable,4.962619999999999e-05
Bastiat,Frédéric,not_applicable,4.962619999999999e-05
D'Annunzio,Gabriele,not_applicable,4.962619999999999e-05
Burgess,Gelett,not_applicable,4.962619999999999e-05
Birmingham,George A.,not_applicable,4.962619999999999e-05
Richmond,Grace S. (Grace Smith),not_applicable,4.962619999999999e-05
Luo,Guanzhong,not_applicable,4.962619999999999e-05
Frederic,Harold,not_applicable,4.962619999999999e-05
Jackson,Helen Hunt,not_applicable,4.962619999999999e-05
Sedgwick,Anne Douglas,not_applicable,4.962619999999999e-05
not_applicable,`Abdu'l-Bahá,not_applicable,4.962619999999999e-05
Southey,Robert,not_applicable,4.63178e-05
Stanhope,Philip Dormer,not_applicable,4.63178e-05
Harmon,Jim,not_applicable,4.63178e-05
Bloundelle-Burton,John,not_applicable,4.63178e-05
Newman,John Henry,not_applicable,4.63178e-05
Siebe,Josephine,not_applicable,4.63178e-05
Lemaître,Jules,not_applicable,4.63178e-05
Janifer,Laurence M.,not_applicable,4.63178e-05
Andreyev,Leonid,not_applicable,4.63178e-05
Wairy,Louis Constant,not_applicable,4.63178e-05
Capuana,Luigi,not_applicable,4.63178e-05
Wister,Owen,not_applicable,4.63178e-05
Milne,A. A. (Alan Alexander),not_applicable,4.63178e-05
Allen,James Lane,not_applicable,4.63178e-05
Anderson,Poul,not_applicable,4.63178e-05
Rilke,Rainer Maria,not_applicable,4.63178e-05
Smiles,Samuel,not_applicable,4.63178e-05
Rathborne,St. George,not_applicable,4.63178e-05
Mommsen,Theodor,not_applicable,4.63178e-05
Dixon Jr.,Thomas,not_applicable,4.63178e-05
Rydberg,Viktor,not_applicable,4.63178e-05
Duellman,William Edward,not_applicable,4.63178e-05
Stoddard,William O.,not_applicable,4.63178e-05
not_applicable,Project Gutenberg,not_applicable,4.63178e-05
Farnol,Jeffery,not_applicable,4.63178e-05
Grahame,Kenneth,not_applicable,4.63178e-05
Grant,James,not_applicable,4.63178e-05
Dahn,Felix,not_applicable,4.63178e-05
Herculano,Alexandre,not_applicable,4.63178e-05
Musset,Alfred de,not_applicable,4.63178e-05
Oriani,Alfredo,not_applicable,4.63178e-05
Panzini,Alfredo,not_applicable,4.63178e-05
Brady,Cyrus Townsend,not_applicable,4.63178e-05
Jones,J. Knox,not_applicable,4.63178e-05
Diderot,Denis,not_applicable,4.63178e-05
Moody,Dwight Lyman,not_applicable,4.63178e-05
Lucas,E. V. (Edward Verrall),not_applicable,4.63178e-05
Queirós,Eça de,not_applicable,4.63178e-05
Abbott,Eleanor Hallowell,not_applicable,4.63178e-05
Phillips,David Graham,not_applicable,4.63178e-05
Packard,Frank L. (Frank Lucius),not_applicable,4.63178e-05
Rovetta,Gerolamo,not_applicable,4.63178e-05
White,Fred M. (Fred Merrick),not_applicable,4.63178e-05
Hay,Ian,not_applicable,4.63178e-05
Day,Holman,not_applicable,4.63178e-05
Ellis,Havelock,not_applicable,4.63178e-05
Spencer,Herbert,not_applicable,4.63178e-05
Cable,George Washington,not_applicable,4.63178e-05
Grinnell,George Bird,not_applicable,4.63178e-05
Hegel,Georg Wilhelm Friedrich,not_applicable,4.63178e-05
Wallace,F. L. (Floyd L.),not_applicable,4.30094e-05
Goodwin,Harold L. (Harold Leland),not_applicable,4.30094e-05
Hurll,Estelle M. (Estelle May),not_applicable,4.30094e-05
De Roberto,Federico,not_applicable,4.30094e-05
Maspero,G. (Gaston),not_applicable,4.30094e-05
Brandes,Georg,not_applicable,4.30094e-05
Romanes,George John,not_applicable,4.30094e-05
Chevalier,H. Emile (Henri Emile),not_applicable,4.30094e-05
Boswell,James,not_applicable,4.30094e-05
Wilson,Harry Leon,not_applicable,4.30094e-05
Harland,Henry,not_applicable,4.30094e-05
Bang,Herman,not_applicable,4.30094e-05
Åberg,J. O. (Johan Olof),not_applicable,4.30094e-05
Cabell,James Branch,not_applicable,4.30094e-05
Verhaeren,Emile,not_applicable,4.30094e-05
Walsh,James J. (James Joseph),not_applicable,4.30094e-05
Southworth,Emma Dorothy Eliza Nevitte,not_applicable,4.30094e-05
Norris,Kathleen Thompson,not_applicable,4.30094e-05
Glasgow,Ellen Anderson Gholson,not_applicable,4.30094e-05
Von Arnim,Elizabeth,not_applicable,4.30094e-05
Fox Jr.,John,not_applicable,4.30094e-05
Vigny,Alfred de,not_applicable,4.30094e-05
Blanchard,Amy Ella,not_applicable,4.30094e-05
Stephens,Ann S. (Ann Sophia),not_applicable,4.30094e-05
Pinero,Arthur Wing,not_applicable,4.30094e-05
Fanny,Aunt,not_applicable,4.30094e-05
Russell,Bertrand,not_applicable,4.30094e-05
Perrault,Charles,not_applicable,4.30094e-05
Kelland,Clarence Budington,not_applicable,4.30094e-05
MacKenzie,Compton,not_applicable,4.30094e-05
Tacitus,Cornelius,not_applicable,4.30094e-05
Doctorow,Cory,not_applicable,4.30094e-05
Zwilgmeyer,Dikken,not_applicable,4.30094e-05
Somerville,E. Oe. (Edith Oenone),not_applicable,4.30094e-05
Rostand,Edmond,not_applicable,4.30094e-05
Mathews,Joanna H. (Joanna Hooe),not_applicable,4.30094e-05
Habberton,John,not_applicable,4.30094e-05
Del Rey,Lester,not_applicable,4.30094e-05
Steiner,Rudolf,not_applicable,4.30094e-05
Hergesheimer,Joseph,not_applicable,4.30094e-05
not_applicable,Sophocles,not_applicable,4.30094e-05
Wood,William,not_applicable,4.30094e-05
James,William,not_applicable,4.30094e-05
Hazlitt,William,not_applicable,4.30094e-05
Harben,Will N. (Will Nathaniel),not_applicable,4.30094e-05
Busch,Wilhelm,not_applicable,4.30094e-05
Janvier,Thomas A. (Thomas Allibone),not_applicable,4.30094e-05
Tapper,Thomas,not_applicable,4.30094e-05
Mundy,Talbot,not_applicable,4.30094e-05
Elvestad,Sven,not_applicable,4.30094e-05
Mitchell,S. Weir (Silas Weir),not_applicable,4.30094e-05
Hughes,Rupert,not_applicable,4.30094e-05
Grant,Ulysses S. (Ulysses Simpson),not_applicable,4.30094e-05
Bridges,Robert,not_applicable,4.30094e-05
Mitford,Mary Russell,not_applicable,4.30094e-05
Herrick,Robert,not_applicable,4.30094e-05
Bacon,Josephine Daskam,not_applicable,4.30094e-05
Gautier,Judith,not_applicable,4.30094e-05
Perkins,Lucy Fitch,not_applicable,4.30094e-05
Ross,Martin,not_applicable,4.30094e-05
Mangasarian,M. M. (Mangasar Mugurditch),not_applicable,4.30094e-05
Samachson,Joseph,not_applicable,4.30094e-05
Nicholson,Meredith,not_applicable,4.30094e-05
Lucian,of Samosata,not_applicable,4.30094e-05
Jacob,P. L.,not_applicable,4.30094e-05
Dick,Philip K.,not_applicable,4.30094e-05
Nye,Bill,not_applicable,3.9701e-05
Hale,Edward Everett,not_applicable,3.9701e-05
Eggleston,Edward,not_applicable,3.9701e-05
Smith,E. E. (Edward Elmer),not_applicable,3.9701e-05
Sharp,Dallas Lore,not_applicable,3.9701e-05
Leland,Charles Godfrey,not_applicable,3.9701e-05
Tocqueville,Alexis de,not_applicable,3.9701e-05
Stringer,Arthur,not_applicable,3.9701e-05
Schnitzler,Arthur,not_applicable,3.9701e-05
Vivanti,Annie,not_applicable,3.9701e-05
Wilson,Ann,not_applicable,3.9701e-05
Meynell,Alice,not_applicable,3.9701e-05
Laut,Agnes C.,not_applicable,3.9701e-05
Young,Filson,not_applicable,3.9701e-05
Singmaster,Elsie,not_applicable,3.9701e-05
Engels,Friedrich,not_applicable,3.9701e-05
Coppée,François,not_applicable,3.9701e-05
Benson,Robert Hugh,not_applicable,3.9701e-05
Spence,Lewis,not_applicable,3.9701e-05
Stjernström,Louise,not_applicable,3.9701e-05
Daviess,Maria Thompson,not_applicable,3.9701e-05
Eddy,Mary Baker,not_applicable,3.9701e-05
Johnson,Owen,not_applicable,3.9701e-05
Bazin,René,not_applicable,3.9701e-05
Howard,Robert E. (Robert Ervin),not_applicable,3.9701e-05
Aycock,Roger D.,not_applicable,3.9701e-05
Onerva,L.,not_applicable,3.9701e-05
Bensusan,S. L. (Samuel Levy),not_applicable,3.9701e-05
Ford,Sewell,not_applicable,3.9701e-05
Smollett,T. (Tobias),not_applicable,3.9701e-05
De la Mare,Walter,not_applicable,3.9701e-05
not_applicable,Bahá'u'lláh,not_applicable,3.9701e-05
not_applicable,Pansy,not_applicable,3.9701e-05
not_applicable,Pennsylvania Prison Society,not_applicable,3.9701e-05
Stephen,Leslie,not_applicable,3.9701e-05
Laumer,Keith,not_applicable,3.9701e-05
Whyte-Melville,G. J. (George John),not_applicable,3.9701e-05
Mann,Heinrich,not_applicable,3.9701e-05
Foote,G. W. (George William),not_applicable,3.9701e-05
Saintsbury,George,not_applicable,3.9701e-05
Santayana,George,not_applicable,3.9701e-05
James,George Wharton,not_applicable,3.9701e-05
Cody,H. A. (Hiram Alfred),not_applicable,3.9701e-05
Mencken,H. L. (Henry Louis),not_applicable,3.9701e-05
Berlioz,Hector,not_applicable,3.9701e-05
Carter,Herbert,not_applicable,3.9701e-05
Hawthorne,Julian,not_applicable,3.9701e-05
Bertrand,Huguette,not_applicable,3.9701e-05
Lima,Jaime de Magalhães,not_applicable,3.9701e-05
Froude,James Anthony,not_applicable,3.9701e-05
Fabre,Jean-Henri,not_applicable,3.9701e-05
Bone,Jesse F. (Jesse Franklin),not_applicable,3.9701e-05
Vondel,Joost van den,not_applicable,3.9701e-05
Hocking,Joseph,not_applicable,3.9701e-05
Souvestre,Émile,not_applicable,3.9701e-05
Deland,Margaret Wade Campbell,not_applicable,3.63926e-05
Schmitz,James H.,not_applicable,3.63926e-05
Claretie,Jules,not_applicable,3.63926e-05
Robertson,Margaret M. (Margaret Murray),not_applicable,3.63926e-05
Sidney,Margaret,not_applicable,3.63926e-05
Proust,Marcel,not_applicable,3.63926e-05
Osbourne,Lloyd,not_applicable,3.63926e-05
Brooke,L. Leslie (Leonard Leslie),not_applicable,3.63926e-05
Pyle,Katharine,not_applicable,3.63926e-05
Lermina,Jules,not_applicable,3.63926e-05
Pennell,Joseph,not_applicable,3.63926e-05
Harrison,Harry,not_applicable,3.63926e-05
Watson,John F. (John Fanning),not_applicable,3.63926e-05
Muir,John,not_applicable,3.63926e-05
Kjelgaard,Jim,not_applicable,3.63926e-05
Lowell,James Russell,not_applicable,3.63926e-05
Huneker,James,not_applicable,3.63926e-05
Finne,Jalmari,not_applicable,3.63926e-05
Riis,Jacob A. (Jacob August),not_applicable,3.63926e-05
Jotuni,Maria,not_applicable,3.63926e-05
Cholmondeley,Mary,not_applicable,3.63926e-05
Bruce,Mary Grant,not_applicable,3.63926e-05
Pemberton,Max,not_applicable,3.63926e-05
United States,not_applicable,not_applicable,3.63926e-05
not_applicable,Ponson du Terrail,not_applicable,3.63926e-05
Gale,Zona,not_applicable,3.63926e-05
Long,William J. (William Joseph),not_applicable,3.63926e-05
Prescott,William Hickling,not_applicable,3.63926e-05
Drake,Samuel Adams,not_applicable,3.63926e-05
Conwell,Russell H.,not_applicable,3.63926e-05
Carey,Rosa Nouchette,not_applicable,3.63926e-05
Buchanan,Robert Williams,not_applicable,3.63926e-05
Sheridan,Philip Henry,not_applicable,3.63926e-05
Schubin,Ossip,not_applicable,3.63926e-05
Onions,Oliver,not_applicable,3.63926e-05
Duncan,Norman,not_applicable,3.63926e-05
Hawkins,N. (Nehemiah),not_applicable,3.63926e-05
Fleming,May Agnes,not_applicable,3.63926e-05
Footner,Hulbert,not_applicable,3.63926e-05
Sharkey,Jack,not_applicable,3.63926e-05
Sayler,H. L. (Harry Lincoln),not_applicable,3.63926e-05
Lavell,Edith,not_applicable,3.63926e-05
Hill,Grace Brooks,not_applicable,3.63926e-05
Gilman,Charlotte Perkins,not_applicable,3.63926e-05
Brame,Charlotte M.,not_applicable,3.63926e-05
Buck,Charles Neville,not_applicable,3.63926e-05
Skinner,Charles M. (Charles Montgomery),not_applicable,3.63926e-05
Mackintosh,Charles Henry,not_applicable,3.63926e-05
Eastman,Charles A.,not_applicable,3.63926e-05
Bradlaugh,Charles,not_applicable,3.63926e-05
Baudelaire,Charles,not_applicable,3.63926e-05
Rice,Cale Young,not_applicable,3.63926e-05
Spinoza,Benedictus de,not_applicable,3.63926e-05
Taylor,Bayard,not_applicable,3.63926e-05
King,Basil,not_applicable,3.63926e-05
Ghislanzoni,Antonio,not_applicable,3.63926e-05
Brown,Alice,not_applicable,3.63926e-05
Kielland,Alexander Lange,not_applicable,3.63926e-05
Mickiewicz,Adam,not_applicable,3.63926e-05
Wallace,Dillon,not_applicable,3.63926e-05
Mulford,Clarence Edward,not_applicable,3.63926e-05
Yates,Edmund,not_applicable,3.63926e-05
Harris,Frank,not_applicable,3.63926e-05
Giacosa,Giuseppe,not_applicable,3.63926e-05
Boccaccio,Giovanni,not_applicable,3.63926e-05
Vasari,Giorgio,not_applicable,3.63926e-05
Ohnet,Georges,not_applicable,3.63926e-05
Ferber,Edna,not_applicable,3.63926e-05
Spielhagen,Friedrich,not_applicable,3.63926e-05
Crabbe,George,not_applicable,3.63926e-05
Barclay,Florence L. (Florence Louisa),not_applicable,3.63926e-05
Petruccelli della Gattina,Ferdinando,not_applicable,3.63926e-05
Farrar,F. W. (Frederic William),not_applicable,3.63926e-05
Müller,F. Max (Friedrich Max),not_applicable,3.63926e-05
Castelnuovo,Enrico,not_applicable,3.63926e-05
Aspelin-Haapkylä,Eliel,not_applicable,3.63926e-05
Corbière,Edouard,not_applicable,3.63926e-05
Machen,Arthur,not_applicable,3.3084e-05
Rice,Alice Caldwell Hegan,not_applicable,3.3084e-05
Marshall,Archibald,not_applicable,3.3084e-05
Warner,Anne,not_applicable,3.3084e-05
Adams,Andy,not_applicable,3.3084e-05
Le Feuvre,Amy,not_applicable,3.3084e-05
Walton,Amy,not_applicable,3.3084e-05
Seaman,Augusta Huiell,not_applicable,3.3084e-05
Humboldt,Alexander von,not_applicable,3.3084e-05
Kivi,Aleksis,not_applicable,3.3084e-05
Douglas,Alan,not_applicable,3.3084e-05
Le Sage,Alain René,not_applicable,3.3084e-05
Kallas,Aino Krohn,not_applicable,3.3084e-05
Botta,Carlo,not_applicable,3.3084e-05
Train,Arthur Cheney,not_applicable,3.3084e-05
Peattie,Elia Wilkinson,not_applicable,3.3084e-05
Lamb,Mary,not_applicable,3.3084e-05
Bird,Isabella L. (Isabella Lucy),not_applicable,3.3084e-05
Corneille,Pierre,not_applicable,3.3084e-05
Kyne,Peter B. (Peter Bernard),not_applicable,3.3084e-05
Brown,Paul Cameron,not_applicable,3.3084e-05
Read,Opie Percival,not_applicable,3.3084e-05
Munro,Neil,not_applicable,3.3084e-05
Willis,Nathaniel Parker,not_applicable,3.3084e-05
Jameson,Anna,Mrs,3.3084e-05
Du Hausset,Mme.,not_applicable,3.3084e-05
Byron,May,not_applicable,3.3084e-05
Beerbohm,Max,not_applicable,3.3084e-05
MacGregor,Mary Esther Miller,not_applicable,3.3084e-05
Bowen,Marjorie,not_applicable,3.3084e-05
Salmela,Marja,not_applicable,3.3084e-05
Richardson,Major (John),not_applicable,3.3084e-05
Housman,Laurence,not_applicable,3.3084e-05
Gregory,Jackson,not_applicable,3.3084e-05
Oxley,J. Macdonald (James Macdonald),not_applicable,3.3084e-05
Jones,Raymond F.,not_applicable,3.3084e-05
Boylesve,René,not_applicable,3.3084e-05
Kiljander,Robert,not_applicable,3.3084e-05
Brown,William Wells,not_applicable,3.3084e-05
Ontario.,Department of Education,not_applicable,3.3084e-05
Methuen & Co.,Methuen & Co.,not_applicable,3.3084e-05
not_applicable,Herodotus,not_applicable,3.3084e-05
not_applicable,Machado de Assis,not_applicable,3.3084e-05
Shakespeare (spurious and doubtful works),William,not_applicable,3.3084e-05
Petronius Arbiter,Petronius Arbiter,not_applicable,3.3084e-05
Johnson,Willis Fletcher,not_applicable,3.3084e-05
Curtis,William,not_applicable,3.3084e-05
Stephens,Robert Neilson,not_applicable,3.3084e-05
Wake,William,not_applicable,3.3084e-05
Deeping,Warwick,not_applicable,3.3084e-05
Higginson,Thomas Wentworth,not_applicable,3.3084e-05
Pakkala,Teuvo,not_applicable,3.3084e-05
Zweig,Stefan,not_applicable,3.3084e-05
Duncan,Sara Jeannette,not_applicable,3.3084e-05
Goodrich,Samuel G. (Samuel Griswold),not_applicable,3.3084e-05
Robertson,J. M. (John Mackinnon),not_applicable,3.3084e-05
Hendryx,James B. (James Beardsley),not_applicable,3.3084e-05
Cox,Irving E.,not_applicable,3.3084e-05
Serviss,Garrett Putman,not_applicable,3.3084e-05
Tarbell,Ida M. (Ida Minerva),not_applicable,3.3084e-05
Norris,Frank,not_applicable,3.3084e-05
Ford,Ford Madox,not_applicable,3.3084e-05
O'Donnell,Elliott,not_applicable,3.3084e-05
Pennell,Elizabeth Robins,not_applicable,3.3084e-05
Follen,Eliza Lee Cabot,not_applicable,3.3084e-05
Malkin,Arthur Thomas,not_applicable,3.3084e-05
Sabin,Edwin L. (Edwin Legrand),not_applicable,3.3084e-05
Lear,Edward,not_applicable,3.3084e-05
Masters,Edgar Lee,not_applicable,3.3084e-05
Lesueur,Daniel,not_applicable,3.3084e-05
Brentano,Clemens,not_applicable,3.3084e-05
Farrère,Claude,not_applicable,3.3084e-05
Burnham,Clara Louise,not_applicable,3.3084e-05
Seltzer,Charles Alden,not_applicable,3.3084e-05
Garvice,Charles,not_applicable,3.3084e-05
Beecher,Catharine Esther,not_applicable,3.3084e-05
Reuter,Fritz,not_applicable,3.3084e-05
Pohl,Frederik,not_applicable,3.3084e-05
Leroux,Gaston,not_applicable,3.3084e-05
Wright,Harold Bell,not_applicable,3.3084e-05
Frey,Hildegard G.,not_applicable,3.3084e-05
Stretton,Hesba,not_applicable,3.3084e-05
Beers,Henry A. (Henry Augustin),not_applicable,3.3084e-05
Reed,Helen Leah,not_applicable,3.3084e-05
Rawlinson,George,not_applicable,3.3084e-05
Graham,Harry,not_applicable,3.3084e-05
Comstock,Harriet T. (Harriet Theresa),not_applicable,3.3084e-05
Zschokke,Heinrich,not_applicable,3.3084e-05
Guerber,H. A. (Hélène Adeline),not_applicable,3.3084e-05
Freytag,Gustav,not_applicable,3.3084e-05
Murray,Gilbert,not_applicable,3.3084e-05
Leclerc,Georges-Louis,not_applicable,3.3084e-05
Curtis,George William,not_applicable,3.3084e-05
Peck,George W. (George Wilbur),not_applicable,3.3084e-05
Smith,George O. (George Oliver),not_applicable,3.3084e-05
Ovid,not_applicable,not_applicable,2.97756e-05
Evans,Augusta J. (Augusta Jane),not_applicable,2.97756e-05
Jean Paul,not_applicable,not_applicable,2.97756e-05
Saki,not_applicable,not_applicable,2.97756e-05
Horace,,,2.97756e-05
United States.,War Department,,2.97756e-05
,Valmiki,,2.97756e-05
McManus,Blanche,not_applicable,2.97756e-05
de Marmont,Auguste Frédéric Louis Viesse,not_applicable,2.97756e-05
Volney,C.-F. (Constantin-François),not_applicable,2.97756e-05
Symons,Arthur,not_applicable,2.97756e-05
Morrison,Arthur,not_applicable,2.97756e-05
Hamilton,Anthony,not_applicable,2.97756e-05
Donnell,Annie Hamilton,not_applicable,2.97756e-05
Ray,Anna Chapin,not_applicable,2.97756e-05
Cambridge,Ada,not_applicable,2.97756e-05
Sayce,A. H. (Archibald Henry),not_applicable,2.97756e-05
Flammarion,Camille,not_applicable,2.97756e-05
Lu,Xun,not_applicable,2.97756e-05
Liu,Xiang,not_applicable,2.97756e-05
Wilson,Woodrow,not_applicable,2.97756e-05
Logan,John Alexander,not_applicable,2.97756e-05
Porta,Giambattista della,not_applicable,2.97756e-05
Apollinaire,Guillaume,not_applicable,2.97756e-05
Knackfuss,H. (Hermann),not_applicable,2.97756e-05
Mabie,Hamilton Wright,not_applicable,2.97756e-05
Brighouse,Harold,not_applicable,2.97756e-05
Franck,Harry Alverson,not_applicable,2.97756e-05
Meriläinen,Heikki,not_applicable,2.97756e-05
Lawson,Henry,not_applicable,2.97756e-05
Stanley,Henry M. (Henry Morton),not_applicable,2.97756e-05
Fitch,Henry S. (Henry Sheldon),not_applicable,2.97756e-05
Peyser,Herbert F. (Herbert Francis),not_applicable,2.97756e-05
Butterworth,Hezekiah,not_applicable,2.97756e-05
Greene,Homer,not_applicable,2.97756e-05
Duffield,J. W.,not_applicable,2.97756e-05
Balmes,Jaime Luciano,not_applicable,2.97756e-05
Payn,James,not_applicable,2.97756e-05
Parkerson,James,not_applicable,2.97756e-05
Driscoll,James R.,not_applicable,2.97756e-05
Bixby,Jerome,not_applicable,2.97756e-05
Bonnell,Jerry T.,not_applicable,2.97756e-05
Linnankoski,Johannes,not_applicable,2.97756e-05
Hauptmann,Gerhart,not_applicable,2.97756e-05
Holyoake,George Jacob,not_applicable,2.97756e-05
Hoffmann,Franz,not_applicable,2.97756e-05
Zamacois,Eduardo,not_applicable,2.97756e-05
Oman,Charles,not_applicable,2.97756e-05
De Vet,Charles V.,not_applicable,2.97756e-05
Meyer,Conrad Ferdinand,not_applicable,2.97756e-05
Kieviet,Cornelis Johannes,not_applicable,2.97756e-05
Marquis,Don,not_applicable,2.97756e-05
Fisher,Dorothy Canfield,not_applicable,2.97756e-05
Forster,E. M. (Edward Morgan),not_applicable,2.97756e-05
About,Edmond,not_applicable,2.97756e-05
Gosse,Edmund,not_applicable,2.97756e-05
Thomas,Edward,not_applicable,2.97756e-05
Rolt-Wheeler,Francis,not_applicable,2.97756e-05
Freeman,Edward A. (Edward Augustus),not_applicable,2.97756e-05
Guptill,Elizabeth F. (Elizabeth Frances),not_applicable,2.97756e-05
Napoleon I,Emperor of the French,not_applicable,2.97756e-05
Mills,Enos A.,not_applicable,2.97756e-05
Ingersoll,Ernest,not_applicable,2.97756e-05
Eckstein,Ernst,not_applicable,2.97756e-05
Pound,Ezra,not_applicable,2.97756e-05
Marinetti,F. T.,not_applicable,2.97756e-05
Peard,Frances Mary,not_applicable,2.97756e-05
Timbs,John,not_applicable,2.97756e-05
Macduff,John R. (John Ross),not_applicable,2.97756e-05
Sherman,William T. (William Tecumseh),not_applicable,2.97756e-05
Green,John Richard,not_applicable,2.97756e-05
Grant,Robert,not_applicable,2.97756e-05
Walser,Robert,not_applicable,2.97756e-05
Nemiroff,Robert J.,not_applicable,2.97756e-05
Williams,Robert Moore,not_applicable,2.97756e-05
Service,Robert W. (Robert William),not_applicable,2.97756e-05
Phillips,Rog,not_applicable,2.97756e-05
Baker,Rollin H. (Rollin Harold),not_applicable,2.97756e-05
Holland,Rupert Sargent,not_applicable,2.97756e-05
Anttila,Selma,not_applicable,2.97756e-05
Gwynn,Stephen Lucius,not_applicable,2.97756e-05
Bailey,Temple,not_applicable,2.97756e-05
Hughes,Thomas,not_applicable,2.97756e-05
Mann,Thomas,not_applicable,2.97756e-05
Hoover,Thomas,not_applicable,2.97756e-05
Du Bois,W. E. B. (William Edward Burghardt),not_applicable,2.97756e-05
Gilbert,W. S. (William Schwenck),not_applicable,2.97756e-05
Bonsels,Waldemar,not_applicable,2.97756e-05
Godwin,William,not_applicable,2.97756e-05
White,William Hale,not_applicable,2.97756e-05
Holmes,William Henry,not_applicable,2.97756e-05
Scargill,William Pitt,not_applicable,2.97756e-05
Descartes,René,not_applicable,2.97756e-05
Latham,R. G. (Robert Gordon),not_applicable,2.97756e-05
Giannone,Pietro,not_applicable,2.97756e-05
Montespan,Madame de,not_applicable,2.97756e-05
Almada Negreiros,José de,not_applicable,2.97756e-05
Carman,Bliss,not_applicable,2.97756e-05
McCarthy,Justin H. (Justin Huntly),not_applicable,2.97756e-05
Mikszáth,Kálmán,not_applicable,2.97756e-05
Leino,Kasimir,not_applicable,2.97756e-05
Kaatra,Kössi,not_applicable,2.97756e-05
Neville,Kris,not_applicable,2.97756e-05
Goldsmith,Lewis,not_applicable,2.97756e-05
Quiller-Couch,Mabel,not_applicable,2.97756e-05
Brandeis,Madeline,not_applicable,2.97756e-05
Louwerse,Pieter,not_applicable,2.97756e-05
de Lamballe,Marie Thérèse Louise de Savoie-Carignan,not_applicable,2.97756e-05
Austin,Mary Hunter,not_applicable,2.97756e-05
Roos,Mathilda,not_applicable,2.97756e-05
O'Rell,Max,not_applicable,2.97756e-05
Campan,Mme. (Jeanne-Louise-Henriette),not_applicable,2.97756e-05
Thomson,A. T.,Mrs,2.97756e-05
Machiavelli,Niccolò,not_applicable,2.97756e-05
Marden,Orison Swett,not_applicable,2.97756e-05
d'Holbach,Paul Henri Thiry,not_applicable,2.97756e-05
Pereda,José María de,not_applicable,2.97756e-05
