author_name,title_count
"Holcroft, Thomas, 1745-1809.",1
"Burke, Edmund, 1729-1797.",1
"Trusler, John, 1735-1820.",1
"MacNally, Leonard, 1752-1820.",1
"Gilpin, William, 1724-1804.",1
"Mendez, Moses, d. 1758.",1
"Centlivre, Susanna, 1667?-1723.",1
"Trusler, John, 1735-1820.",1
"Hutchinson, William, 1732-1814.",1
"Milton, John, 1608-1674",1
"Boswell, James, 1740-1795.",1
"Cumberland, Richard, 1732-1811.",1
"Murphy, Arthur, 1727-1805.",1
Apothecary.,1
"Thomson, James, 1700-1748.",1
"Gaskell, Elizabeth Cleghorn, 1810-1865",1
"Dutton, Thomas, 18th/19th cent.",1
"Sharp, Granville, 1735-1813.",1
(unknown),1
"Shakespeare, William, 1564-1616",1
"Jerningham, Mr. (Edward), 1737?-1812.",1
"Betterton, Thomas, 1635?-1710.",1
"MacNally, Leonard, 1752-1820.",1
"Thomson, James, 1700-1748.",1
"Dennis, John, 1657-1734.",1
"Jurin, James, 1684-1750.",1
"Brown, John, 1715-1766.",1
"O'Hara, Kane, 1714?-1782.",1
"Whiston, William, 1667-1752.",1
"Churchill, Charles, 1731-1764.",1
"Ferguson, Adam, 1723-1816.",1
"Gibbon, Edward, 1737-1794.",1
"Sterne, Laurence, 1713-1768.",1
"Kipling, Rudyard, 1865-1936",1
"Milton, John, 1608-1674",1
"Trusler, John, 1735-1820.",1
"Gaskell, Elizabeth Cleghorn, 1810-1865",1
"Trusler, John, 1735-1820.",1
"Griffith, Mrs. (Elizabeth), 1720?-1793.",1
"Chaigneau, William, 1709-1781.",1
"Cumberland, Richard, 1732-1811.",1
"Cornaro, Luigi, 1475-1566.",1
"Richardson, Samuel, 1689-1761.",1
"Brown, John, 1715-1766.",1
"Eliot, George, 1819-1880",1
"Mason, William, 1725-1797.",1
"Sheridan, Richard Brinsley, 1751-1816.",1
"Shakespeare, William, 1564-1616",1
"Kelly, Hugh, 1739-1777.",1
"Defoe, Daniel, 1661?-1731.",1
"Brand, John, 1744-1806.",1
"Kenrick, W. (William), 1725?-1779.",1
"Paine, Thomas, 1737-1809.",1
"Francklin, Thomas, 1721-1784.",1
"Glover, Richard, 1712-1785.",1
"Garrick, David, 1717-1779.",1
"Hutchinson, William, 1732-1814.",1
"Gray, Thomas, 1716-1771.",1
"Sharp, Granville, 1735-1813.",1
"Defoe, Daniel, 1661?-1731.",1
"Paley, William, 1743-1805.",1
"Jonson, Ben, 1573?-1637",1
"Arbuthnot, John, 1667-1735.",1
"Manley, Mrs. (Mary de la RiviÃ¨re), 1663-1724.",1
"Pope, Alexander, 1688-1744.",1
"Dennis, John, 1657-1734.",1
"Defoe, Daniel, 1661?-1731.",1
"Smollett, Tobias George, 1721-1771.",1
"Pope, Alexander, 1688-1744.",1
"Brooke, Frances, 1724?-1789.",1
"Burke, Edmund, 1729-1797.",1
"Funnell, William.",1
"Sharp, Granville, 1735-1813.",1
"Coxe, William, 1747-1828.",1
"More, Hannah, 1745-1833.",1
"Townley, James, 1714-1778.",1
"Pratt, Mr. (Samuel Jackson), 1749-1814.",1
"More, Hannah, 1745-1833.",1
"Macpherson, James, 1736-1796.",1
"Stevenson, Robert Louis, 1850-1894",1
"Osbourne, Lloyd, 1868-1947",1
"Sheridan, Richard Brinsley, 1751-1816.",1
"Pratt, Mr. (Samuel Jackson), 1749-1814.",1
"Kipling, Rudyard, 1865-1936",1
"Congreve, William, 1670-1729.",1
"Sheridan, Richard Brinsley, 1751-1816.",1
"Dennis, John, 1657-1734.",1
"Bickerstaff, Isaac, 1735-1812.",1
"Pinkerton, John, 1758-1826.",1
"Pope, Alexander, 1688-1744.",1
"Defoe, Daniel, 1661?-1731.",1
"Pratt, Mr. (Samuel Jackson), 1749-1814.",1
"Pratt, Mr. (Samuel Jackson), 1749-1814.",1
"Howlett, John, 1731-1804.",1
"Goldsmith, Oliver, 1730?-1774.",1
"Richardson, Samuel, 1689-1761.",1
"Thacher, Oxenbridge, 1719-1765",1
"Kenrick, W. (William), 1725?-1779.",1
"Glover, Richard, 1712-1785.",1
"Conrad, Joseph, 1857-1924",1
"Kipling, Rudyard, 1865-1936",1
(unknown),1
(unknown),1
"Hayley, William, 1745-1820.",1
"Hawthorne, Nathaniel, 1804-1864",1
"Warton, Thomas, 1728-1790.",1
"Gerard, Alexander, 1728-1795.",1
"Defoe, Daniel, attributed name. 1661?-1731,",1
"Murphy, Arthur, 1727-1805.",1
"Defoe, Daniel, 1661?-1731.",1
"Waldron, F. G. (Francis Godolphin), 1744-1818.",1
"MacDonald, John, b. 1741?",1
"Dudley, H. Bate, Sir (Henry Bate), 1745-1824.",1
"Hill, John, 1714?-1775.",1
"Trusler, John, 1735-1820.",1
"Burke, Edmund, 1729-1797.",1
"Blair, Hugh, 1718-1800.",1
"Darwin, Erasmus, 1731-1802.",1
"Burke, Edmund, 1729-1797.",1
"Defoe, Daniel, 1661?-1731.",1
"Wintringham, Clifton, 1689-1748.",1
"James, William, 1842-1910",1
"Goldsmith, Oliver, 1730?-1774.",1
"Inchbald, Mrs., 1753-1821.",1
"Paine, Thomas, 1737-1809.",1
"More, Hannah, 1745-1833.",1
"Hakluyt, Richard, 1552?-1616",1
"Pratt, Mr. (Samuel Jackson), 1749-1814.",1
"Stoker, Bram, 1847-1912",1
"Defoe, Daniel, 1661?-1731.",1
"Paine, Thomas, 1737-1809.",1
"Macpherson, James, 1736-1796.",1
"Pratt, Mr. (Samuel Jackson), 1749-1814.",1
"Hume, David, 1711-1776.",1
"Hawkins, William, 1722-1801.",1
"Churchill, Charles, 1731-1764.",1
"White, Gilbert, 1720-1793.",1
"Kemble, John Philip, 1757-1823.",1
"Anstey, Christopher, 1724-1805.",1
"Dennis, John, 1657-1734.",1
"More, Hannah, 1745-1833.",1
"Inchbald, Mrs., 1753-1821.",1
"Goldsmith, Oliver, 1730?-1774.",1
"Berkeley, George, 1685-1753.",1
"O'Keeffe, John, 1747-1833.",1
"Brand, Robert.",1
"Kipling, Rudyard, 1865-1936",1
"Jerningham, Mr. (Edward), 1737?-1812.",1
"Cumberland, Richard, 1732-1811.",1
"Colman, George, 1732-1794.",1
"Pratt, Mr. (Samuel Jackson), 1749-1814.",1
"Jephson, Robert, 1736-1803.",1
"Arbuthnot, John, 1667-1735.",1
"Bickerstaff, Isaac, 1735-1812.",1
"Addison, Joseph, 1672-1719.",1
"Spence, Thomas, 1750-1814.",1
"Holcroft, Thomas, 1745-1809.",1
"Woolston, Thomas, 1670-1733.",1
(unknown),1
"Griffith, Mrs. (Elizabeth), 1720?-1793.",1
"Inchbald, Mrs., 1753-1821.",1
"Gaskell, Elizabeth Cleghorn, 1810-1865",1
"Francklin, Thomas, 1721-1784.",1
"Cugoano, Ottobah.",1
"Trusler, John, 1735-1820.",1
"Farmer, Richard, 1735-1797.",1
"Boreman, Thomas, fl. 1730-1743.",1
"Defoe, Daniel, attributed name. 1661?-1731,",1
"Dennis, John, 1657-1734.",1
"Defoe, Daniel, 1661?-1731.",1
"Defoe, Daniel, attributed name. 1661?-1731,",1
"Hill, Aaron, 1685-1750.",1
"Garrick, David, 1717-1779.",1
"Waldron, F. G. (Francis Godolphin), 1744-1818.",1
"Culley, George, 1735-1813.",1
"Hill, Aaron, 1685-1750.",1
"Dow, Alexander, d. 1779.",1
"Burgoyne, John, 1722-1792.",1
"Twain, Mark, 1835-1910",1
"Berkeley, George, 1685-1753.",1
"Warren, Martin, 1696-1735.",1
"Dibdin, Charles, 1745-1814.",1
"Pope, Alexander, 1688-1744.",1
"Fournel, M. (Jean-FranÃ§ois), 1745-1820.",1
"Richardson, Samuel, 1689-1761.",1
"Goldsmith, Oliver, 1730?-1774.",1
"Cumberland, Richard, 1732-1811.",1
"Goldsmith, Oliver, 1730?-1774.",1
"Dennis, John, 1657-1734.",1
"Trusler, John, 1735-1820.",1
"More, Hannah, 1745-1833.",1
"Yeats, W.B. (William Butler), 1865-1939",1
"Hoole, John, 1727-1803.",1
"Cumberland, Richard, 1732-1811.",1
"Murphy, Arthur, 1727-1805.",1
"Dickens, Charles, 1812-1870",1
"Fawkes, Francis, 1720-1777.",1
"Woty, William, 1731?-1791.",1
"L'Estrange, Roger, Sir, 1616-1704",1
"Jerningham, Mr. (Edward), 1737?-1812.",1
"Congreve, William, 1670-1729.",1
"Sheridan, Frances Chamberlaine, 1724-1766.",1
"Churchill, Charles, 1731-1764.",1
"Smith, Hugh, 1736?-1789.",1
"Congreve, William, 1670-1729.",1
"Smith, Hugh, 1736?-1789.",1
"Quincey, Thomas de, 1785-1859",1
"Kenrick, W. (William), 1725?-1779.",1
"Smart, Christopher, 1722-1771.",1
"Lettsom, John Coakley, 1744-1815.",1
"Hill, Aaron, 1685-1750.",1
"More, Hannah, 1745-1833.",1
"Skrimshire, F. (Fenwick), 1774 or 5-1855.",1
"Morland, John, M.D.",1
"Whiston, William, 1667-1752.",1
"Sterne, Laurence, 1713-1768.",1
"Rowe, Nicholas, 1674-1718.",1
"Burke, William, 1730-1798.",1
"Bentley, R. (Richard), 1708-1782.",1
"James, Henry, 1843-1916",1
"Dodsley, Robert, 1703-1764.",1
"Pratt, Mr. (Samuel Jackson), 1749-1814.",1
"O'Keeffe, John, 1747-1833.",1
"Gerard, Alexander, 1728-1795.",1
"Disraeli, Isaac, 1766-1848.",1
"Francis, Philip, 1708?-1773.",1
"Griffith, Mrs. (Elizabeth), 1720?-1793.",1
"Mill, John Stuart, 1806-1873",1
"Lennox, Charlotte, ca. 1729-1804.",1
"Pope, Alexander, 1688-1744.",1
"Andrews, Miles Peter, d. 1814.",1
"Musgrave, Samuel, 1732-1780.",1
"Dudley, H. Bate, Sir (Henry Bate), 1745-1824.",1
"Trollope, Anthony, 1815-1882",1
"Beilby, Ralph, 1743-1817.",1
"Hawkins, John, Sir, 1719-1789.",1
"Barbauld, Mrs. (Anna Letitia), 1743-1825.",1
"Threlfal, William.",1
"Donaldson, J. (John), 1737-1801.",1
"Shenstone, William, 1714-1763.",1
"Borthwick, George.",1
"Trollope, Anthony, 1815-1882",1
"Defoe, Daniel, 1661?-1731.",1
"Dibdin, Charles, 1745-1814.",1
"Okell, Benjamin.",1
"Gray, Thomas, 1716-1771.",1
"Jerningham, Mr. (Edward), 1737?-1812.",1
"Burroughs, Edgar Rice, 1875-1950",1
"Pinkerton, John, 1758-1826.",1
"Gentleman, Francis, 1728-1784.",1
"Janeway, James, 1636?-1674.",1
"Hoadly, Benjamin, 1676-1761.",1
"Eliot, George, 1819-1880",1
"Pope, Alexander, 1688-1744.",1
"Dickens, Charles, 1812-1870",1
"Griffith, Mrs. (Elizabeth), 1720?-1793.",1
"Paley, William, 1743-1805.",1
"Radcliffe, Ann Ward, 1764-1823.",1
"Burke, Edmund, 1729-1797.",1
"Brown, John, 1715-1766.",1
"Aikin, John, 1747-1822.",1
"Conrad, Joseph, 1857-1924",1
"Shakespeare, William, 1564-1616",1
"Blair, Hugh, 1718-1800.",1
"Fawkes, Francis, 1720-1777.",1
"Woty, William, 1731?-1791.",1
"Donovan, E. (Edward), 1768-1837.",1
"Berkeley, George, 1685-1753.",1
"Jones, Henry, 1721-1770.",1
"Hume, David, 1711-1776.",1
"James, Henry, 1843-1916",1
"Trusler, John, 1735-1820.",1
"Carey, Henry, 1687?-1743.",1
"Holcroft, Thomas, 1745-1809.",1
"Radcliffe, Ann Ward, 1764-1823.",1
"More, Hannah, 1745-1833.",1
"Defoe, Daniel, attributed name. 1661?-1731,",1
"Overton, Benjamin, attributed name.",1
"Mendez, Moses, d. 1758.",1
"Chettle, Henry,(ca. 1560-1607)",1
"Dibdin, Charles, 1745-1814.",1
"Gentleman, Francis, 1728-1784.",1
"Walton, Jacob, d. 1743.",1
"Holwell, J. Z. (John Zephaniah), 1711-1798.",1
"Wesley, John, 1703-1791.",1
"Hume, David, 1711-1776.",1
(unknown),1
"Macklin, Charles, 1697?-1797.",1
"Defoe, Daniel, 1661?-1731.",1
"Baratier, FranÃ§ois, 1682-1751.",1
"O'Keeffe, John, 1747-1833.",1
"Dibdin, Charles, 1745-1814.",1
"Gibbon, Edward, 1737-1794.",1
"Lloyd, Robert, 1733-1764.",1
"Lewis, M. G. (Matthew Gregory), 1775-1818.",1
"Pope, Alexander, 1688-1744.",1
"Hoare, Prince, 1755-1834.",1
"Hume, David, 1711-1776.",1
"Dibdin, Charles, 1745-1814.",1
"Defoe, Daniel, 1661?-1731.",1
"Gibbon, Edward, 1737-1794.",1
"Addison, Joseph, 1672-1719.",1
"Defoe, Daniel, 1661?-1731.",1
"Dickens, Charles, 1812-1870",1
"von Aue, Hartmann, 12th cent.",1
"Carey, George Saville, 1743-1807.",1
"Lee, Sophia, 1750-1824.",1
"Ritson, Joseph, 1752-1803.",1
"Thomson, James, 1700-1748.",1
"Gibbon, Edward, 1737-1794.",1
"Aitken, John, d. 1790.",1
"Leny, R.",1
"Carey, Henry, 1687?-1743.",1
"Defoe, Daniel, attributed name. 1661?-1731,",1
"Pope, Alexander, 1688-1744.",1
"James, Henry, 1843-1916",1
"Brown, John, 1715-1766.",1
"Kelly, Hugh, 1739-1777.",1
"Carey, George Saville, 1743-1807.",1
"Woolston, Thomas, 1670-1733.",1
"Mason, William, 1719-1791.",1
"Hayley, William, 1745-1820.",1
"Hayley, William, 1745-1820.",1
"Carey, George Saville, 1743-1807.",1
"Gough, Strickland, d. 1752.",1
"Janeway, James, 1636?-1674.",1
"Gaskell, Elizabeth Cleghorn, 1810-1865",1
"Pope, Alexander, 1688-1744.",1
"More, Thomas, Sir, Saint, 1478-1535",1
"Donovan, E. (Edward), 1768-1837.",1
"Griffith, Richard, d. 1788.",1
"Arbuthnot, John, 1667-1735.",1
"Francklin, Thomas, 1721-1784.",1
"Williams, Helen Maria, 1762-1827.",1
"Lennox, Charlotte, ca. 1729-1804.",1
"Churchill, Charles, 1731-1764.",1
"Lennox, Charlotte, ca. 1729-1804.",1
"Kipling, Rudyard, 1865-1936",1
"Parnell, Thomas, 1679-1718.",1
"Sharp, Granville, 1735-1813.",1
"Collins, William, 1721-1759.",1
"Pratt, Mr. (Samuel Jackson), 1749-1814.",1
"Francis, Philip, Sir, 1740-1818.",1
"Elyot, Thomas, Sir, 1490?-1546",1
"Warton, Joseph, 1722-1800.",1
"King, Thomas, fl. 1791.",1
"Mason, William, 1725-1797.",1
"James, Henry, 1843-1916",1
"Marat, Jean Paul, 1743-1793.",1
"Grant, Alexander, d. 1817.",1
"Kenrick, W. (William), 1725?-1779.",1
"O'Keeffe, John, 1747-1833.",1
"Glover, Richard, 1712-1785.",1
"Home, John, 1722-1808.",1
"Duck, Stephen, 1705-1756.",1
"Defoe, Daniel, 1661?-1731.",1
"Gerard, Alexander, 1728-1795.",1
"Richardson, Samuel, 1689-1761.",1
"Kipling, Rudyard, 1865-1936",1
"Gaskell, Elizabeth Cleghorn, 1810-1865",1
"Hayley, William, 1745-1820.",1
"Akenside, Mark, 1721-1770.",1
"Macklin, Charles, 1697?-1797.",1
"Kelly, Hugh, 1739-1777.",1
"Defoe, Daniel, 1661?-1731.",1
"Francklin, Thomas, 1721-1784.",1
"Mason, William, 1725-1797.",1
"Johnson, Samuel, 1709-1784.",1
"Sharp, Granville, 1735-1813.",1
General Infirmary at Leeds.,1
"Burney, Fanny, 1752-1840.",1
"Dodington, George Bubb, Baron of Melcombe Regis, 1691-1762.",1
"Jephson, Robert, 1736-1803.",1
"Defoe, Daniel, 1661?-1731.",1
"Inchbald, Mrs., 1753-1821.",1
"Griffith, Mrs. (Elizabeth), 1720?-1793.",1
"Pinkerton, John, 1758-1826.",1
"Darwin, Erasmus, 1731-1802.",1
"Latham, John, 1761-1843.",1
"Sidney, Algernon, 1622-1683.",1
"Shakespeare, William, 1564-1616",1
"Addison, Joseph, 1672-1719.",1
Authoress of Emeline.,1
"Hutchinson, William, 1715-1801.",1
"Burgoyne, John, 1722-1792.",1
"Robinson, Nicholas, 1697?-1775.",1
"Pennant, Thomas, 1726-1798.",1
"Hazlitt, William, 1737-1820.",1
"Francis, Philip, Sir, 1740-1818.",1
"Hey, Mrs.",1
"Tissot, S. A. D. (Samuel Auguste David), 1728-1797.",1
"Cunningham, John, 1729-1773.",1
"Brooke, Henry, 1703?-1783.",1
"O'Keeffe, John, 1747-1833.",1
"Paine, Thomas, 1737-1809.",1
"Malthus, T. R. (Thomas Robert), 1766-1834.",1
"Hume, David, 1711-1776.",1
"Inchbald, Mrs., 1753-1821.",1
"Williams, Helen Maria, 1762-1827.",1
"Holcroft, Thomas, 1745-1809.",1
"Burke, Edmund, 1729-1797.",1
"Murphy, Arthur, 1727-1805.",1
"Radcliffe, Ann Ward, 1764-1823.",1
"Phillips, David Graham, 1867-1911",1
"Inchbald, Mrs., 1753-1821.",1
"Hayley, William, 1745-1820.",1
"Pratt, Mr. (Samuel Jackson), 1749-1814.",1
"Jephson, Robert, 1736-1803.",1
"Kames, Henry Home, Lord, 1696-1782.",1
"Cowley, Mrs. (Hannah), 1743-1809.",1
(unknown),1
"Brown, John, 1715-1766.",1
"Defoe, Daniel, 1661?-1731.",1
"Gilpin, William, 1724-1804.",1
"Brand, John, d. 1808.",1
"Defoe, Daniel, 1661?-1731.",1
"Pennant, Thomas, 1726-1798.",1
"Pope, Alexander, 1688-1744.",1
"Pratt, Mr. (Samuel Jackson), 1749-1814.",1
"MacNally, Leonard, 1752-1820.",1
(unknown),1
"Aikin, John, 1747-1822.",1
"Erasmus, Desiderius, d. 1536",1
"Gilpin, William, 1724-1804.",1
"Dodington, George Bubb, Baron of Melcombe Regis, 1691-1762.",1
"Sheridan, Richard Brinsley, 1751-1816.",1
"Aikin, John, 1747-1822.",1
"Dudley, H. Bate, Sir (Henry Bate), 1745-1824.",1
"Oldys, William, 1696-1761.",1
"Bromehead, Joseph, b. 1747 or 8.",1
"More, Hannah, 1745-1833.",1
"Blake, William, 1757-1827",1
"Radcliffe, Ann Ward, 1764-1823.",1
"Whitehead, William, 1715-1785.",1
"Defoe, Daniel, 1661?-1731.",1
"Lennox, Charlotte, ca. 1729-1804.",1
"Paine, Thomas, 1737-1809.",1
"Paine, Thomas, 1737-1809.",1
"Trusler, John, 1735-1820.",1
"Pinkerton, John, 1758-1826.",1
"Garthshore, Maxwell, 1732-1812.",1
"More, Hannah, 1745-1833.",1
"Paley, William, 1743-1805.",1
"Morris, William, 1834-1896",1
"Lennox, Charlotte, ca. 1729-1804.",1
"Jephson, Robert, 1736-1803.",1
"Sheridan, Richard, d. 1793.",1
"Dampier, William, 1652-1715.",1
"Garrick, David, 1717-1779.",1
"Griffith, Mrs. (Elizabeth), 1720?-1793.",1
"Cumberland, Richard, 1732-1811.",1
"Lloyd, Robert, 1733-1764.",1
"Dennis, John, 1657-1734.",1
"Belloste, Augustin, 1654-1730.",1
"Holcroft, Thomas, 1745-1809.",1
"Dennis, John, 1657-1734.",1
"Pennant, Thomas, 1726-1798.",1
"Kipling, Rudyard, 1865-1936",1
"Pittis, William, 1674-1724.",1
"Chetwood, W. R. (William Rufus), d. 1766.",1
"Churchill, Charles, 1731-1764.",1
"Macpherson, James, 1736-1796.",1
"Milton, John, 1608-1674",1
"Berkeley, George, 1733-1795.",1
Philanthropos.,1
"Colman, George, 1762-1836.",1
"Trusler, John, 1735-1820.",1
"Robins, Benjamin, 1707-1751.",1
"Bentley, R. (Richard), 1708-1782.",1
"Burke, Edmund, 1729-1797.",1
"Bickerstaff, Isaac, 1735-1812.",1
"Pope, Alexander, 1688-1744.",1
"Jones, Henry, 1721-1770.",1
"Murphy, Arthur, 1727-1805.",1
"Pilon, Frederick, 1750-1788.",1
"Amory, Thomas, 1691?-1788?",1
"Griffith, Mrs. (Elizabeth), 1720?-1793.",1
"Parnell, Thomas, 1679-1718.",1
"Donovan, E. (Edward), 1768-1837.",1
"Warton, Thomas, 1728-1790.",1
"Murphy, Arthur, 1727-1805.",1
"Wycherley, William, 1640-1716",1
"Pennant, Thomas, 1726-1798.",1
"Gaskell, Elizabeth Cleghorn, 1810-1865",1
"Defoe, Daniel, 1661?-1731.",1
"Kipling, Rudyard, 1865-1936",1
"Merande, D.",1
"Pope, Alexander, 1688-1744.",1
"Philadelphos, Theophilos.",1
"Turner, Matthew, d. ca. 1788.",1
"Paley, William, 1743-1805.",1
"Cowley, Mrs. (Hannah), 1743-1809.",1
"Dibdin, Charles, 1745-1814.",1
"Hill, Aaron, 1685-1750.",1
"Churchill, Charles, 1731-1764.",1
"Kenrick, W. (William), 1725?-1779.",1
"Congreve, William, 1670-1729.",1
"Pilon, Frederick, 1750-1788.",1
"Boswell, James, 1740-1795.",1
"Sharp, Granville, 1735-1813.",1
"Centlivre, Susanna, 1667?-1723.",1
"Chaucer, Geoffrey, d. 1400",1
"Cibber, Theophilus, 1703-1758.",1
"Duck, Stephen, 1705-1756.",1
"Sterne, Laurence, 1713-1768.",1
"BrontÃ«, Anne, 1820-1849",1
"Dibdin, Charles, 1745-1814.",1
"BrontÃ«, Anne, 1820-1849",1
"Lloyd, Robert.",1
"Goldsmith, Oliver, 1730?-1774.",1
"Dennis, John, 1657-1734.",1
"Baum, L. Frank (Lyman Frank), 1856-1919",1
"Wakefield, Gilbert, 1756-1801.",1
"Hull, Thomas, 1728-1808.",1
"Holcroft, Thomas, 1745-1809.",1
"Gentleman, Francis, 1728-1784.",1
"Holcroft, Thomas, 1745-1809.",1
"Holcroft, Thomas, 1745-1809.",1
"Paine, Thomas, 1737-1809.",1
"Arbuthnot, John, 1667-1735.",1
"Pope, Alexander, 1688-1744.",1
"Wells, H.G. (Herbert George), 1866-1946",1
"Arbuthnot, John, 1667-1735.",1
"Cowley, Mrs. (Hannah), 1743-1809.",1
"Pringle, John, Sir, 1707-1782.",1
"Gentleman, Francis, 1728-1784.",1
"Cheyne, George, 1673-1743.",1
Royal College of Surgeons of England.,1
"Law, William, 1686-1761",1
"London, Jack, 1876-1916",1
"Donovan, E. (Edward), 1768-1837.",1
"Steele, Richard, Sir, 1672-1729.",1
"Addison, Joseph, 1672-1719.",1
"Hayley, William, 1745-1820.",1
"Hutton, Charles, 1737-1823.",1
"Gray, Thomas, 1716-1771.",1
"Lloyd, Robert, 1733-1764.",1
"Brand, John, d. 1808.",1
"Parnell, Thomas, 1679-1718.",1
(unknown),1
"Buchan, William, 1729-1805.",1
"More, Hannah, 1745-1833.",1
"Smith, Adam, 1723-1790.",1
"Bickerstaff, Isaac.",1
"Sharp, Granville, 1735-1813.",1
"Brown, Charles, fl. 1797-1799.",1
"Addison, Joseph, 1672-1719.",1
"Defoe, Daniel, 1661?-1731.",1
"Francis, Philip, 1708?-1773.",1
"Murphy, Arthur, 1727-1805.",1
"Goldsmith, Oliver, 1730?-1774.",1
"Goldsmith, Oliver, 1730?-1774.",1
"Duck, Stephen, 1705-1756.",1
"Montgomery, Lucy Maud, 1874-1942",1
"Duck, Stephen, 1705-1756.",1
"Jones, Henry, 1721-1770.",1
"Holcroft, Thomas, 1745-1809.",1
"Wilson, James, 1742-1798",1
"Arbuthnot, John, 1667-1735.",1
"Boswell, James, 1740-1795.",1
"Steele, Richard, Sir, 1672-1729.",1
"Addison, Joseph, 1672-1719.",1
"Lennox, Charlotte, ca. 1729-1804.",1
(unknown),1
"Holcroft, Thomas, 1745-1809.",1
"Cockell, William.",1
"Brown, John, 1722-1787.",1
"Berkeley, George Monck, 1763-1793.",1
"Browne, Joseph, fl. 1700-1721.",1
"Defoe, Daniel, 1661?-1731.",1
"Westcott, Edward Noyes, 1847-1898",1
"Berkeley, George, 1685-1753.",1
"Stevenson, Robert Louis, 1850-1894",1
"Gerard, Alexander, 1728-1795.",1
"Gaskell, Elizabeth Cleghorn, 1810-1865",1
"Taylor, Thomas, 1738-1816.",1
"Duck, Arthur.",1
"Trusler, John, 1735-1820.",1
"Garrick, David, 1717-1779.",1
"Griffith, Mrs. (Elizabeth), 1720?-1793.",1
(unknown),1
"Mason, William, 1725-1797.",1
"Lennox, Charlotte, ca. 1729-1804.",1
"Brooke, Frances, 1724?-1789.",1
"Francklin, Thomas, 1721-1784.",1
"Shakespeare, William, 1564-1616",1
"Pope, Alexander, 1688-1744",1
"Berquin, M. (Arnaud), 1747-1791.",1
"Goldsmith, Oliver, 1730?-1774.",1
"James, Henry, 1843-1916",1
"Sharp, Granville, 1735-1813.",1
"Delap, J. (John), 1725-1812.",1
"O'Hara, Kane, 1714?-1782.",1
"Edgeworth, Maria, 1767-1849.",1
"Doddridge, Philip, 1702-1751.",1
"Paine, Thomas, 1737-1809.",1
"Pope, Alexander, 1688-1744.",1
"Boswell, James, 1740-1795.",1
"Sterne, Laurence, 1713-1768.",1
"Marlowe, Christopher, 1564-1593",1
Ovid,1
"Hill, Aaron, 1685-1750.",1
"Dampier, William, 1652-1715.",1
"Maiden Hospital (Edinburgh, Scotland)",1
"Wharton, Edith, 1862-1937",1
"Lillo, George, 1693-1739.",1
"Hayley, William, 1745-1820.",1
"Sidney, Algernon, 1622-1683.",1
"Sharp, Granville, 1735-1813.",1
"Defoe, Daniel, 1661?-1731.",1
"Middleton, Thomas, 1580-1627",1
"Chetwood, W. R. (William Rufus), d. 1766.",1
"Burney, Fanny, 1752-1840.",1
"Donovan, E. (Edward), 1768-1837.",1
"Lillo, George, 1693-1739.",1
"Defoe, Daniel, 1661?-1731.",1
"Blair, Hugh, 1718-1800.",1
"Hayley, William, 1745-1820.",1
"Cibber, Theophilus, 1703-1758.",1
"Darwin, Charles, 1809-1882",1
"Dennis, John, 1657-1734.",1
"Carey, Henry, 1687?-1743.",1
"Pearch, G.",1
"Lennox, Charlotte, ca. 1729-1804.",1
"Paley, William, 1743-1805.",1
"Boreman, Thomas, fl. 1730-1743.",1
"Dudley, H. Bate, Sir (Henry Bate), 1745-1824.",1
"Morton, Thomas, 1764-1838.",1
"Logan, William, 1747-1772.",1
"Dudley, H. Bate, Sir (Henry Bate), 1745-1824.",1
"Francis, Philip, Sir, 1740-1818.",1
"Whitehead, William, of Newcastle.",1
"Berkeley, George, 1685-1753.",1
"Henry, David, 1710-1792.",1
"Kenrick, W. (William), 1725?-1779.",1
"Defoe, Daniel, 1661?-1731.",1
"More, Hannah, 1745-1833.",1
"More, Hannah, 1745-1833.",1
"Carey, George Saville, 1743-1807.",1
Late Member of the Continental Congress.,1
"Gilpin, William, 1724-1804.",1
"Bailey, J. (John), 1750-1819.",1
"Shebbeare, John, 1709-1788.",1
"Barbauld, Mrs. (Anna Letitia), 1743-1825.",1
"Trollope, Anthony, 1815-1882",1
"Thomson, James, 1700-1748.",1
"Lewis, M. G. (Matthew Gregory), 1775-1818.",1
"Defoe, Daniel, 1661?-1731.",1
"Walpole, Horace, 1717-1797.",1
"Donovan, E. (Edward), 1768-1837.",1
"Pennant, Thomas, 1726-1798.",1
"Jerningham, Mr. (Edward), 1737?-1812.",1
"Wollstonecraft, Mary, 1759-1797.",1
"Watts, Isaac, 1674-1748.",1
"Aikin, John, 1747-1822.",1
"Francklin, Thomas, 1721-1784.",1
"Gaskell, Elizabeth Cleghorn, 1810-1865",1
"Governor, of Addenbrooke's Hospital.",1
"Rock, Dr. (Richard), 1708-1774.",1
"More, Hannah, 1745-1833.",1
"Sharp, Granville, 1735-1813.",1
"HaÅ¡ek, Jaroslav, 1883-1923",1
"Lennox, Charlotte, ca. 1729-1804.",1
"Dudley, H. Bate, Sir (Henry Bate), 1745-1824.",1
"Sherry, Richard, ca. 1506-ca. 1555",1
"Browne, Thomas, Sir, 1605-1682",1
"Defoe, Daniel, 1661?-1731.",1
"Defoe, Daniel, 1661?-1731.",1
"Arbuthnot, John, 1667-1735.",1
(unknown),1
"Lawrence, D.H. (David Herbert), 1885-1930",1
"Garrick, David, 1717-1779.",1
"Vaughan, Thomas, fl. 1772-1820.",1
"Hawkins, William, 1722-1801.",1
"Jephson, Robert, 1736-1803.",1
"Gay, John, 1685-1732.",1
"Arbuthnot, John, 1667-1735.",1
"Trusler, John, 1735-1820.",1
"Holcroft, Thomas, 1745-1809.",1
"Brooke, Henry, 1703?-1783.",1
"Alderson, John, 1757-1829.",1
"Craven, Elizabeth Craven, Baroness, 1750-1828.",1
"Buffon, Georges Louis Leclerc, comte de, 1707-1788.",1
"Churchill, Charles, 1731-1764.",1
"Dodsley, Robert, 1703-1764.",1
"Churchill, Charles, 1731-1764.",1
"Barbers' Company (London, England)",1
Aristotle.,1
"Dibdin, Charles, 1745-1814.",1
"Sharp, Granville, 1735-1813.",1
"Dibdin, Charles, 1745-1814.",1
"O'Keeffe, John, 1747-1833.",1
"John and William Cunningham and Company (Brewers : Glasgow, Scotland)",1
"Muir, John, 1838-1914",1
"King, Thomas, 1730-1805.",1
"Craven, Elizabeth Craven, Baroness, 1750-1828.",1
"Dibdin, Charles, 1745-1814.",1
"More, Hannah, 1745-1833.",1
Homer.,1
"Gilpin, William, 1724-1804.",1
"Defoe, Daniel, 1661?-1731.",1
"Murphy, Arthur, 1727-1805.",1
"Gibbon, Edward, 1737-1794.",1
"Whiston, William, 1667-1752.",1
"O'Keeffe, John, 1747-1833.",1
"Delap, J. (John), 1725-1812.",1
"Downman, Hugh, 1740-1809.",1
"Cibber, Theophilus, 1703-1758.",1
"Avison, Charles, 1710-1770.",1
"Defoe, Daniel, 1661?-1731.",1
"Kipling, Rudyard, 1865-1936",1
"Pilon, Frederick, 1750-1788.",1
"Brooke, Henry, 1703?-1783.",1
"Burke, Edmund, 1729-1797.",1
"Morton, Thomas, 1764-1838.",1
"Fielding, Henry, 1707-1754.",1
"Murphy, Arthur, 1727-1805.",1
"Hartley, David, 1705-1757.",1
"Wordsworth, William, 1770-1850",1
"Francklin, Thomas, 1721-1784.",1
"Berquin, M. (Arnaud), 1747-1791.",1
"Dibdin, Charles, 1745-1814.",1
"Whiston, William, 1667-1752.",1
"Jerningham, Mr. (Edward), 1737?-1812.",1
"Andrews, Miles Peter, d. 1814.",1
"Lynn, Walter, 1677-1763.",1
"Burke, Edmund, 1729-1797.",1
"Defoe, Daniel, 1661?-1731.",1
"Fawkes, Francis, 1720-1777.",1
"Woty, William, 1731?-1791.",1
"Defoe, Daniel, 1661?-1731.",1
"More, Hannah, 1745-1833.",1
"Garrick, David, 1717-1779.",1
"Sarn, Peter van, d. 1766.",1
"Kenrick, W. (William), 1725?-1779.",1
"Defoe, Daniel, 1661?-1731.",1
"Carey, Henry, 1687?-1743.",1
"Paley, William, 1743-1805.",1
"Gilpin, William, 1724-1804.",1
"Williams, Helen Maria, 1762-1827.",1
"Paine, Thomas, 1737-1809.",1
"Griffith, Richard, d. 1788.",1
"Hopkinson, Francis, 1737-1791.",1
"Reed, Joseph, 1741-1785.",1
"Watts, Stephen, 1741-1788.",1
"Morgan, John, 1735-1789.",1
"Smith, William, 1727-1803.",1
"College, Academy, and Charitable Schools of Philadelphia.",1
"Keats, John, 1795-1821",1
"Defoe, Daniel, 1661?-1731.",1
"Matthias, Ulrich",1
"Smollett, Tobias George, 1721-1771.",1
"Pearch, G.",1
"Sharp, Granville, 1735-1813.",1
"Brooke, Henry, 1703?-1783.",1
"More, Hannah, 1745-1833.",1
"Centlivre, Susanna, 1667?-1723.",1
"Congreve, William, 1670-1729.",1
"Ellwood, Thomas, 1639-1713.",1
"Churchill, Charles, 1731-1764.",1
"Arbuthnot, John, 1667-1735.",1
"Griffith, Mrs. (Elizabeth), 1720?-1793.",1
"Sheridan, Richard Brinsley, 1751-1816.",1
"Thompson, John-Weeks.",1
"Gaskell, Elizabeth Cleghorn, 1810-1865",1
"Pope, Alexander, 1763-1835.",1
"Shakespeare, William, 1564-1616",1
"Brand, John, d. 1808.",1
"Pilon, Frederick, 1750-1788.",1
"Centlivre, Susanna, 1667?-1723.",1
"Morton, Thomas, 1764-1838.",1
"Pinto, Isaac de, 1715-1787.",1
(unknown),1
"Hume, David, 1711-1776.",1
"Pratt, Mr. (Samuel Jackson), 1749-1814.",1
Homer.,1
"Cowley, Mrs. (Hannah), 1743-1809.",1
"Glover, Richard, 1712-1785.",1
"Hawkesworth, John, 1715?-1773.",1
"More, Hannah, 1745-1833.",1
"Murray, James, 1732-1782.",1
"Disraeli, Isaac, 1766-1848.",1
"Murphy, Arthur, 1727-1805.",1
"More, Hannah, 1745-1833.",1
"Brown, John, 1722-1787.",1
"Centlivre, Susanna, 1667?-1723.",1
"Goldsmith, Oliver, 1730?-1774.",1
"Defoe, Daniel, 1661?-1731.",1
"Smith, Charlotte Turner, 1749-1806.",1
"Paine, Thomas, 1737-1809.",1
"Stevens, George Alexander, 1710-1784.",1
"Frewen, Thomas, 1704-1791.",1
"Goldsmith, Oliver, 1730?-1774.",1
"Hutton, Charles, 1737-1823.",1
"Hutton, Charles, 1737-1823.",1
"Dennis, John, 1657-1734.",1
"Paine, Thomas, 1737-1809.",1
"Garrick, David, 1717-1779.",1
"Bellinger, Francis, d. 1721.",1
"More, Hannah, 1745-1833.",1
"Paine, Thomas, 1737-1809.",1
"Kipling, Rudyard, 1865-1936",1
"Kipling, Rudyard, 1865-1936",1
"Warton, Thomas, 1728-1790.",1
"Atkins, John, 1685-1757.",1
"Mason, William, 1725-1797.",1
"Malthus, T. R. (Thomas Robert), 1766-1834.",1
"Pulteney, Richard, 1730-1801.",1
"Hutton, Charles, 1737-1823.",1
"Shakespeare, William, 1564-1616",1
"Pinkerton, John, 1758-1826.",1
"Gay, John, 1685-1732.",1
"Lynn, William, 1753-1837.",1
"Donovan, E. (Edward), 1768-1837.",1
"Cunningham, John, 1729-1773.",1
"Morton, Thomas, 1764-1838.",1
"Defoe, Daniel, 1661?-1731.",1
"Gentleman, Francis, 1728-1784.",1
"Polwhele, Richard, 1760-1838",1
"Carey, Henry, 1687?-1743.",1
"More, Hannah, 1745-1833.",1
"Gaskell, Elizabeth Cleghorn, 1810-1865",1
"Paine, Thomas, 1737-1809.",1
"Berquin, M. (Arnaud), 1747-1791.",1
"Godwin, William, 1756-1836.",1
"Kipling, Rudyard, 1865-1936",1
"Denman, Thomas, 1733-1815.",1
"Pratt, Mr. (Samuel Jackson), 1749-1814.",1
"Hayley, William, 1745-1820.",1
"Waldron, F. G. (Francis Godolphin), 1744-1818.",1
"Hamilton, Robert, 1749-1830.",1
"Francis, Philip, 1708?-1773.",1
"Goldsmith, Oliver, 1730?-1774.",1
"More, Hannah, 1745-1833.",1
"Johnstone, Charles, 1719?-1800?",1
"Goldsmith, Oliver, 1730?-1774.",1
"Kames, Henry Home, Lord, 1696-1782.",1
"Akenside, Mark, 1721-1770.",1
"Spence, Joseph, 1699-1768.",1
"Hartson, Hall, d. 1773.",1
Margarete C. Conkling,1
(unknown),1
"Addison, Joseph, 1672-1719.",1
"Pratt, Mr. (Samuel Jackson), 1749-1814.",1
"Bentley, R. (Richard), 1708-1782.",1
"Kelly, Hugh, 1739-1777.",1
"Cradock, Joseph, 1742-1826.",1
"Psalmanazar, George, 1679?-1763.",1
"Home, John, 1722-1808.",1
"Boreman, Thomas, fl. 1730-1743.",1
"Cowley, Mrs. (Hannah), 1743-1809.",1
"Donovan, E. (Edward), 1768-1837.",1
"Shakespeare, William, 1564-1616",1
"Dibdin, Charles, 1745-1814.",1
"Pearch, G.",1
"Centlivre, Susanna, 1667?-1723.",1
"Gentleman, Francis, 1728-1784.",1
"Thomas, Rowley.",1
"Brand, John, 1744-1806.",1
"Stevenson, Robert Louis, 1850-1894",1
"Burke, Edmund, 1729-1797.",1
"Rudd, Sayer, d. 1757.",1
"Burke, Edmund, 1729-1797.",1
"Fielding, Henry, 1707-1754",1
"Dennis, John, 1657-1734.",1
"Duncan, Chapman",1
"Fawkes, Francis, 1720-1777.",1
"Woty, William, 1731?-1791.",1
"Famine, Citizen.",1
"Kipling, Rudyard, 1865-1936",1
"Boswell, James, 1740-1795.",1
"Kenrick, W. (William), 1725?-1779.",1
"Hume, David, 1711-1776.",1
(unknown),1
"Hawkesworth, John, 1715?-1773.",1
"Hawkins, John, Sir, 1719-1789.",1
"Hawkesworth, John, 1715?-1773.",1
"Richardson, Samuel, 1689-1761.",1
"More, Hannah, 1745-1833.",1
"Dodsley, Robert, 1703-1764.",1
"Mulcaster, Richard, 1530?-1611",1
"Burke, William, 1730-1798.",1
"Pinkerton, John, 1758-1826.",1
"Jephson, Robert, 1736-1803.",1
"Stedman, John Gabriel, 1744-1797.",1
"Mason, William, 1725-1797.",1
"Kipling, Rudyard, 1865-1936",1
"O'Keeffe, John, 1747-1833.",1
"Equiano, Olaudah, b. 1745.",1
"Pope, Alexander, 1688-1744.",1
"Berkeley, George, 1685-1753.",1
"Sheridan, Richard Brinsley, 1751-1816.",1
"Garrick, David, 1717-1779.",1
Unknown,1
"Shakespeare, William, 1564-1616",1
"Jerningham, Mr. (Edward), 1737?-1812.",1
"Dibdin, Charles, 1745-1814.",1
"Kenrick, W. (William), 1725?-1779.",1
"Gaskell, Elizabeth Cleghorn, 1810-1865",1
"Jerningham, Mr. (Edward), 1737?-1812.",1
"Trusler, John, 1735-1820.",1
"Brown, John, 1722-1787.",1
"Lennox, Charlotte, ca. 1729-1804.",1
"Dekker, Thomas and Middleton, Thomas",1
"Goldsmith, Oliver, 1730?-1774.",1
"Goldsmith, Oliver, 1730?-1774.",1
"Reresby, John, Sir, 1634-1689.",1
"Robinson, Mary, 1758-1800",1
"Kenrick, W. (William), 1725?-1779.",1
"Brooke, Frances, 1724?-1789.",1
"Sparham, Legard.",1
"Kames, Henry Home, Lord, 1696-1782.",1
"Gilpin, William, 1724-1804.",1
"Jenner, Edward, 1749-1823.",1
"Eliot, George, 1819-1880",1
"Williams, Helen Maria, 1762-1827.",1
"Newton, Isaac, Sir, 1642-1727.",1
"Carey, George Saville, 1743-1807.",1
"Buffon, Georges Louis Leclerc, comte de, 1707-1788.",1
"Congreve, William, 1670-1729.",1
"Marra, John.",1
"Murphy, Arthur, 1727-1805.",1
"Shakespeare, William, 1564-1616",1
"Lewis, M. G. (Matthew Gregory), 1775-1818.",1
"Gilpin, William, 1724-1804.",1
"Sheridan, Richard Brinsley, 1751-1816.",1
"Lennox, Charlotte, ca. 1729-1804.",1
"Colman, George, 1732-1794.",1
(unknown),1
"Winchilsea, Anne Kingsmill Finch, Countess of, 1661-1720.",1
"Jerningham, Mr. (Edward), 1737?-1812.",1
"Garrick, David, 1717-1779.",1
"Dictionaries, etc.",1
"Lillo, George, 1693-1739.",1
"Addison, Joseph, 1672-1719.",1
"Shakespeare, William, 1564-1616",1
"Jephson, Robert, 1736-1803.",1
"Bourne, Henry, 1696-1733.",1
"Congreve, William, 1670-1729.",1
"Ashmole, Elias, 1617-1692.",1
"Churchill, Charles, 1731-1764.",1
"Chatterton, Thomas, 1752-1770.",1
"Eliot, George, 1819-1880",1
"Bickerstaff, Isaac, 1735-1812.",1
"Holcroft, Thomas, 1745-1809.",1
"Boswell, James, 1740-1795.",1
(unknown),1
"Dodsley, Robert, 1703-1764.",1
"Pratt, Mr. (Samuel Jackson), 1749-1814.",1
"Pope, Alexander, 1688-1744.",1
"Pratt, Mr. (Samuel Jackson), 1749-1814.",1
"Donovan, E. (Edward), 1768-1837.",1
"Henry, David, 1710-1792.",1
"Kipling, Rudyard, 1865-1936",1
(unknown),1
"Pennant, Thomas, 1726-1798.",1
"Hutchinson, William, 1732-1814.",1
Homer.,1
"Brown, John, 1715-1766.",1
"Psalmanazar, George, 1679?-1763.",1
"Swift, Jonathan, 1667-1745",1
"Mason, William, 1719-1791.",1
"Warton, Thomas, 1728-1790.",1
"Buffon, Georges Louis Leclerc, comte de, 1707-1788.",1
"Holman, J. G. (Joseph George), 1764-1817.",1
"Cleland, John, 1709-1789",1
"Holcroft, Thomas, 1745-1809.",1
"Richardson, Samuel, 1689-1761.",1
"Cumberland, Richard, 1732-1811.",1
"Defoe, Daniel, 1661?-1731.",1
"Defoe, Daniel, 1661?-1731.",1
"Stevens, George Alexander, 1710-1784.",1
"Pratt, Mr. (Samuel Jackson), 1749-1814.",1
"Burke, Edmund, 1729-1797.",1
"Pope, Alexander, 1688-1744.",1
"Brown, John, 1752-1787.",1
"Cradock, Joseph, 1742-1826.",1
"Glover, Richard, 1712-1785.",1
"Jones, Henry, 1721-1770.",1
"Shakespeare, William, 1564-1616",1
"Spilsbury, Francis.",1
"Defoe, Daniel, attributed name. 1661?-1731,",1
"Pope, Alexander, 1688-1744.",1
"Rowe, Nicholas, 1674-1718.",1
"Pope, Alexander, 1688-1744.",1
"Murray, James, 1732-1782.",1
"Wall, J.",1
"Walpole, Horace, 1717-1797.",1
"Kenrick, W. (William), 1725?-1779.",1
"Shiells, Robert, d. 1753.",1
"More, Hannah, 1745-1833.",1
"Duck, Stephen, 1705-1756.",1
"Jerningham, Mr. (Edward), 1737?-1812.",1
"Cibber, Theophilus, 1703-1758.",1
"Inchbald, Mrs., 1753-1821.",1
"Churchill, Charles, 1731-1764.",1
"Sheridan, Richard Brinsley, 1751-1816.",1
"Murphy, Arthur, 1727-1805.",1
"Arbuthnot, John, 1667-1735.",1
"Twain, Mark, 1835-1910",1
"Boswell, James, 1740-1795.",1
"Downman, Hugh, 1740-1809.",1
"Murphy, Arthur, 1727-1805.",1
"Berquin, M. (Arnaud), 1747-1791.",1
"Dibdin, Charles, 1745-1814.",1
"Barbauld, Mrs. (Anna Letitia), 1743-1825.",1
"More, Hannah, 1745-1833.",1
"Defoe, Daniel, 1661?-1731.",1
"More, Hannah, 1745-1833.",1
"Garrick, David, 1717-1779.",1
"Spence, Thomas, 1750-1814.",1
"Pilkington, Laetitia, 1712-1750.",1
"Marat, Jean Paul, 1743-1793.",1
"Johnson, Samuel, 1709-1784.",1
"Hill, Aaron, 1685-1750.",1
"Sterne, Laurence, 1713-1768.",1
"Graham, James, 1745-1794.",1
"Warton, Thomas, 1728-1790.",1
"More, Hannah, 1745-1833.",1
"Glover, Richard, 1712-1785.",1
"Francis, Philip, Sir, 1740-1818.",1
"Sharp, Granville, 1735-1813.",1
Friend to Religious and Civil Liberty.,1
"Carey, George Saville, 1743-1807.",1
"Dodington, George Bubb, Baron of Melcombe Regis, 1691-1762.",1
"Burke, Edmund, 1729-1797.",1
"Sheridan, Richard Brinsley, 1751-1816.",1
"More, Hannah, 1745-1833.",1
"Savage, Richard, d. 1743.",1
"Paley, William, 1743-1805.",1
"Francklin, Thomas, 1721-1784.",1
"Goldsmith, Oliver, 1730?-1774.",1
"Owen, Robert, 1771-1858",1
"More, Hannah, 1745-1833.",1
"Cumberland, Richard, 1732-1811.",1
"Cunningham, John, 1729-1773.",1
"Johnstone, James, 1730?-1802.",1
"Goldsmith, Oliver, 1730?-1774.",1
"Sharp, Granville, 1735-1813.",1
"Hawkins, W. (William), 18th cent.",1
"Heath, William, 1737-1814.",1
"Gaskell, Elizabeth Cleghorn, 1810-1865",1
"Jerningham, Mr. (Edward), 1737?-1812.",1
"Gower, John, 1325?-1408",1
"Holcroft, Thomas, 1745-1809.",1
"Gilpin, William, 1724-1804.",1
"Cowper, William, 1731-1800.",1
"Dibdin, Charles, 1745-1814.",1
"Hutton, Charles, 1737-1823.",1
"Hull, Thomas, 1728-1808.",1
"Burke, Edmund, 1729-1797.",1
"Mendez, Moses, d. 1758.",1
"Defoe, Daniel, 1661?-1731.",1
"Berkeley, George Monck, 1763-1793.",1
"Griffith, Mrs. (Elizabeth), 1720?-1793.",1
"Cumberland, Richard, 1732-1811.",1
"Dibdin, Charles, 1745-1814.",1
"Warton, Thomas, 1728-1790.",1
"Francis, Philip, Sir, 1740-1818.",1
"Kipling, Rudyard, 1865-1936",1
"Ellwood, Thomas, 1639-1713.",1
"Brown, John, 1715-1766.",1
"Donovan, E. (Edward), 1768-1837.",1
"Paine, Thomas, 1737-1809.",1
"Churchill, Charles, 1731-1764.",1
"Dibdin, Charles, 1745-1814.",1
"Sheridan, Richard Brinsley, 1751-1816.",1
"Garrick, David, 1717-1779.",1
(unknown),1
"Vaughan, Thomas, b. 1689 or 1790.",1
"Defoe, Daniel, 1661?-1731.",1
"Amhurst, N. (Nicholas), 1697-1742.",1
"Pope, Alexander, 1688-1744.",1
"Paine, Thomas, 1737-1809.",1
"Pope, Alexander, 1688-1744.",1
"Radcliffe, Ann Sophia.",1
"Buffon, Georges Louis Leclerc, comte de, 1707-1788.",1
"Dibdin, Charles, 1745-1814.",1
"Dibdin, Charles, 1745-1814.",1
"Arbuthnot, John, 1667-1735.",1
"Hoare, Prince, 1755-1834.",1
"Pope, Alexander, 1688-1744.",1
"Whiston, William, 1667-1752.",1
"Francis, Philip, Sir, 1740-1818.",1
"Twain, Mark, 1835-1910",1
"Johnson, Samuel, 1709-1784.",1
"Whiston, William, 1667-1752.",1
"Donovan, E. (Edward), 1768-1837.",1
"Fawkes, Francis, 1720-1777.",1
"Woty, William, 1731?-1791.",1
(unknown),1
"Lennox, Charlotte, ca. 1729-1804.",1
"Bickerstaff, Isaac, 1735-1812.",1
"Krapp, George Philip, 1872-1934",1
"Dobbie, Elliott Van Kirk (ed.)",1
"Glover, Richard, 1712-1785.",1
"Arbuthnot, John, 1667-1735.",1
"Pennant, Thomas, 1726-1798.",1
"Warton, Joseph, 1722-1800.",1
"Rutledge, Sarah, 1782-1855.",1
"Rowe, Nicholas, 1674-1718.",1
Pythagoras.,1
"Carey, Henry, 1687?-1743.",1
"Brown, Charles Brockden, 1771-1810.",1
"Jerningham, Mr. (Edward), 1737?-1812.",1
"Burke, Edmund, 1729-1797.",1
"Donovan, E. (Edward), 1768-1837.",1
"Shenstone, William, 1714-1763.",1
"Defoe, Daniel, 1661?-1731.",1
"Goldsmith, Oliver, 1730?-1774.",1
"Fawkes, Francis, 1720-1777.",1
"Woty, William, 1731?-1791.",1
"Francis, Philip, Sir, 1740-1818.",1
"O'Keeffe, John, 1747-1833.",1
"Garrick, David, 1717-1779.",1
"Gray, Thomas, 1716-1771.",1
"Garrick, David, 1717-1779.",1
"Holcroft, Thomas, 1745-1809.",1
"Hutton, Charles, shipmaster in Culross.",1
"Smollett, Tobias George, 1721-1771.",1
"Johnstone, Charles, 1719?-1800?",1
"Defoe, Daniel, 1661?-1731.",1
"Hazlitt, William, 1737-1820.",1
"Paine, Thomas, 1737-1809.",1
"Dickens, Charles, 1812-1870",1
"Defoe, Daniel, 1661?-1731.",1
"Smith, Adam, 1723-1790.",1
"Lambrechts, Arentius Ferdinand.",1
"Berkeley, George, 1685-1753.",1
"O'Keeffe, John, 1747-1833.",1
"Steele, Richard, Sir, 1672-1729.",1
"Addison, Joseph, 1672-1719.",1
"Berkeley, George, 1685-1753.",1
"More, Hannah, 1745-1833.",1
"Dibdin, Charles, 1745-1814.",1
"Cibber, Theophilus, 1703-1758.",1
"More, Hannah, 1745-1833.",1
"Addison, Joseph, 1672-1719.",1
"Chaucer, Geoffrey, d. 1400",1
"Pearson, Richard, 1765-1836.",1
"Arbuthnot, John, 1667-1735.",1
"More, Hannah, 1745-1833.",1
"Scott, Walter, Sir, 1771-1832",1
"Dibdin, Charles, 1745-1814.",1
"Potter, Beatrix, 1866-1943",1
"Defoe, Daniel, 1661?-1731.",1
"Hayley, William, 1745-1820.",1
"Kelly, Hugh, 1739-1777.",1
"Gilman, Charlotte Perkins, 1860-1935",1
"Wells, H.G. (Herbert George), 1866-1946",1
"Holcroft, Thomas, 1745-1809.",1
"Francis, Philip, Sir, 1740-1818.",1
"Pilon, Frederick, 1750-1788.",1
"Fielding, Henry, 1707-1754.",1
"Brown, John, 1722-1787.",1
"Gibbon, Edward, 1737-1794.",1
"Jerningham, Mr. (Edward), 1737?-1812.",1
"Warton, Thomas, 1728-1790.",1
"Hawkins, John, Sir, 1719-1789.",1
"Mason, William, 1725-1797.",1
"Centlivre, Susanna, 1667?-1723.",1
"Beaumont, John, d. 1731.",1
"Cumberland, Richard, 1732-1811.",1
(unknown),1
"Stevens, George Alexander, 1710-1784.",1
"Gaskell, Elizabeth Cleghorn, 1810-1865",1
"Priestley, Joseph, 1733-1804.",1
"Goldsmith, Oliver, 1730?-1774.",1
"Stevens, George Alexander, 1710-1784.",1
"Hutchinson, William, 1732-1814.",1
"Addison, Joseph, 1672-1719.",1
"Lewis, M. G. (Matthew Gregory), 1775-1818.",1
"Berkeley, George Monck, 1763-1793.",1
"Murphy, Arthur, 1727-1805.",1
"Defoe, Daniel, 1661?-1731.",1
"Morton, Thomas, 1764-1838.",1
"Defoe, Daniel, 1661?-1731.",1
"Bourne, Henry, 1696-1733.",1
"Burroughs, Edgar Rice, 1875-1950",1
"Aulnoy, Madame d' (Marie-Catherine), 1650 or 51-1705.",1
"Lennox, Charlotte, ca. 1729-1804.",1
"Jefferson, Thomas, 1743-1826",1
"Burke, Edmund, 1729-1797.",1
Anonymous,1
"Arbuthnot, John, of Mitcham.",1
"Banyer, Henry, fl. 1718-1736.",1
"John and William Cunningham and Company (Brewers : Glasgow, Scotland)",1
"Dibdin, Charles, 1745-1814.",1
"Burke, Edmund, 1729-1797.",1
"Pennant, Thomas, 1726-1798.",1
"Lee, Sophia, 1750-1824.",1
"Arbuthnot, John, 1667-1735.",1
"Gaskell, Elizabeth Cleghorn, 1810-1865",1
"Brown, Charles Brockden, 1771-1810.",1
"Montgomery, L. M. (Lucy Maud), 1874-1942",1
"Thomson, James, fl. 1719-1762.",1
"Dibdin, Charles, 1745-1814.",1
"Dodsley, Robert, 1703-1764.",1
"Hume, David, 1711-1776.",1
"Trollope, Anthony, 1815-1882",1
"Defoe, Daniel, 1661?-1731.",1
"Gerard, Alexander, 1728-1795.",1
"Stevens, George Alexander, 1710-1784.",1
(unknown),1
"Jefferson, Thomas, 1743-1826",1
"Goldsmith, Oliver, 1730?-1774.",1
"Burgoyne, John, 1722-1792.",1
"Carey, George Saville, 1743-1807.",1
"Savage, Richard, d. 1743.",1
"Defoe, Daniel, 1661?-1731.",1
"Addison, Joseph, 1672-1719.",1
"Donovan, E. (Edward), 1768-1837.",1
"Garrick, David, 1717-1779.",1
"Dodsley, Robert, 1703-1764.",1
"Aikin, John, 1747-1822.",1
"Carey, George Saville, 1743-1807.",1
"More, Hannah, 1745-1833.",1
"Goldsmith, Oliver, 1730?-1774.",1
"Berkeley, George, 1685-1753.",1
"Chatterton, Thomas, 1752-1770.",1
"Goldsmith, Oliver, 1730?-1774.",1
"Blane, Gilbert, Sir, 1749-1834.",1
"Addison, Joseph, 1672-1719.",1
"Defoe, Daniel, 1661?-1731.",1
"Melville, Herman, 1819-1891",1
"Pope, Alexander, 1688-1744.",1
"Gaskell, Elizabeth Cleghorn, 1810-1865",1
"Consett, Matthew.",1
"O'Keeffe, John, 1747-1833.",1
"Firishtah, Muá¸¥ammad QÄsim HindÅ« ShÄh AstarÄbÄdÄ«.",1
"Craven, Elizabeth Craven, Baroness, 1750-1828.",1
"Hayley, William, 1745-1820.",1
"Pratt, Mr. (Samuel Jackson), 1749-1814.",1
"Dibdin, Charles, 1745-1814.",1
"Paine, Thomas, 1737-1809.",1
"Lennox, Charlotte, ca. 1729-1804.",1
"Defoe, Daniel, 1661?-1731.",1
"Defoe, Daniel, 1661?-1731.",1
"Pope, Alexander, 1688-1744.",1
"O'Hara, Kane, 1714?-1782.",1
"Blake, William, 1757-1827",1
"Hayley, William, 1745-1820.",1
"Francklin, Thomas, 1721-1784.",1
"Holman, J. G. (Joseph George), 1764-1817.",1
"Cibber, Colley, 1671-1757.",1
"Buffon, Georges Louis Leclerc, comte de, 1707-1788.",1
"Heysham, John, 1753-1834.",1
"Defoe, Daniel, 1661?-1731.",1
H. D.,1
(unknown),1
"Burroughs, Edgar Rice, 1875-1950",1
"Cowley, Mrs. (Hannah), 1743-1809.",1
"Duck, Stephen, 1705-1756.",1
"Woodville, William, 1752-1805.",1
"Defoe, Daniel, 1661?-1731.",1
"Roberts, Charles George Douglas, Sir, 1860-1943",1
"Lee, Sophia, 1750-1824.",1
"Donovan, E. (Edward), 1768-1837.",1
"Stowe, Harriet Beecher, 1811-1896",1
"Gentleman, Francis, 1728-1784.",1
"Gaskell, Elizabeth Cleghorn, 1810-1865",1
"Kames, Henry Home, Lord, 1696-1782.",1
"Defoe, Daniel, 1661?-1731.",1
"Macpherson, James, 1736-1796.",1
"Defoe, Daniel, 1661?-1731.",1
"Gentleman, Francis, 1728-1784.",1
"Waldron, F. G. (Francis Godolphin), 1744-1818.",1
"Jones, Henry, 1721-1770.",1
"Lennox, Charlotte, 1729-1804.",1
"Kelley, Hugh, 1739-1777.",1
"Richardson, Samuel, 1689-1761.",1
"Defoe, Daniel, 1661?-1731.",1
"Defoe, Daniel, 1661?-1731.",1
"Centlivre, Susanna, 1667?-1723.",1
"Andrews, Miles Peter, d. 1814.",1
"Defoe, Daniel, 1661?-1731.",1
"Cumberland, Richard, 1732-1811.",1
"Defoe, Daniel, 1661?-1731.",1
"Goldsmith, Oliver, 1730?-1774.",1
"Kenrick, W. (William), 1725?-1779.",1
"Sheridan, Richard Brinsley, 1751-1816.",1
"White, Gilbert, 1720-1793.",1
"Shakespeare, William, 1564-1616",1
"More, Hannah, 1745-1833.",1
"Kenrick, W. (William), 1725?-1779.",1
"Addison, Joseph, 1672-1719.",1
"Sheridan, Richard Brinsley, 1751-1816.",1
"Addison, Joseph, 1672-1719.",1
"Hoare, Prince, 1755-1834.",1
"Pope, Alexander, 1688-1744.",1
"More, Hannah, 1745-1833.",1
"Jardine, L. J., fl. 1795.",1
"Latham, John, 1697 or 8-1754.",1
"Dudley, H. Bate, Sir (Henry Bate), 1745-1824.",1
"Hill, Aaron, 1685-1750.",1
"Cradock, Joseph, 1742-1826.",1
"James, Henry, 1843-1916",1
"More, Hannah, 1745-1833.",1
"Pratt, Mr. (Samuel Jackson), 1749-1814.",1
"Burke, Edmund, 1729-1797.",1
"Henry, Thomas, 1734-1816.",1
"Cumberland, Richard, 1732-1811.",1
"Hayley, William, 1745-1820.",1
"Fawkes, Francis, 1720-1777.",1
"Woty, William, 1731?-1791.",1
"Howells, William Dean, 1837-1920",1
"Hardy, Thomas, 1840-1928",1
"Ovid, 43 B.C.-17 or 18 A.D.",1
"Duck, Stephen, 1705-1756.",1
"Brooke, Henry, 1703?-1783.",1
"Holcroft, Thomas, 1745-1809.",1
"Hutchinson, William, 1732-1814.",1
"Garrick, David, 1717-1779.",1
"Pilkington, Laetitia, 1712-1750.",1
"Carey, George Saville, 1743-1807.",1
"Defoe, Daniel, 1661?-1731.",1
"Jerningham, Mr. (Edward), 1737?-1812.",1
"Kipling, Rudyard, 1865-1936",1
"Macklin, Charles, 1697?-1797.",1
"Cunningham, John, 1729-1773.",1
"Murphy, Arthur, 1727-1805.",1
"Addison, Joseph, 1672-1719.",1
"Berkeley, George, 1685-1753.",1
"Hawkesworth, John, 1715?-1773.",1
"Burke, Edmund, 1729-1797.",1
"Reed, Joseph, 1723-1787.",1
"Wallis, John, 1714-1793.",1
"Cumberland, Richard, 1732-1811.",1
"Austen, Jane, 1775-1817",1
"Burke, Edmund, 1729-1797.",1
"Trusler, John, 1735-1820.",1
"BrontÃ«, Emily, 1818-1848",1
Clement C. Moore,1
"Hawkesworth, John, 1715?-1773.",1
"Earle, James, Sir, 1755-1817.",1
"Goldsmith, Oliver, 1730?-1774.",1
"Forbes of Pitsligo, Alexander Forbes, Lord, 1678-1762.",1
"Gilpin, William, 1724-1804.",1
"Lewis, M. G. (Matthew Gregory), 1775-1818.",1
"Arbuthnot, John, 1667-1735.",1
"Bickerstaff, Isaac, 1735-1812.",1
"Arbuthnot, John, 1667-1735.",1
Homer.,1
"Mason, William, 1719-1791.",1
Authoress of Emeline.,1
"Kipling, Rudyard, 1865-1936",1
"Popple, William, 1701-1764.",1
"Stevens, George Alexander, 1710-1784.",1
"Paine, Thomas, 1737-1809.",1
"Akenside, Mark, 1721-1770.",1
"Sterne, Laurence, 1713-1768.",1
"Sheridan, Richard Brinsley, 1751-1816.",1
"MacNally, Leonard, 1752-1820.",1
"Pope, Alexander, 1688-1744.",1
"Bourne, Henry, 1696-1733.",1
"Amory, Thomas, 1691?-1788?",1
"Jerningham, Mr. (Edward), 1737?-1812.",1
"More, Hannah, 1745-1833.",1
"Crane, Stephen, 1871-1900",1
"Pratt, Mr. (Samuel Jackson), 1749-1814.",1
Homer.,1
"Inchbald, Mrs., 1753-1821.",1
"Hutton, Charles, 1737-1823.",1
"Webster, John, 1580?-1625",1
"Woolston, Thomas, 1670-1733.",1
"Farrer, W. (William), d. 1775.",1
"Arbuthnot, John, 1667-1735.",1
"Kelly, Hugh.",1
"Griffith, Mrs. (Elizabeth), 1720?-1793.",1
"Pope, Alexander, 1688-1744.",1
"More, Hannah, 1745-1833.",1
"Twain, Mark, 1835-1910",1
"Nolan, William, 18th cent.",1
"Trusler, John, 1735-1820.",1
"Hill, Aaron, 1685-1750.",1
"Goldsmith, Oliver, 1730?-1774.",1
"O'Keeffe, John, 1747-1833.",1
"Jephson, Robert, 1736-1803.",1
"Murray, James, 1732-1782.",1
"Defoe, Daniel, 1661?-1731.",1
"Kipling, Rudyard, 1865-1936",1
"Radcliffe, Ann Ward, 1764-1823.",1
"Bickerstaff, Isaac, 1735-1812.",1
"Hill, Aaron, 1685-1750.",1
"Churchill, Charles, 1731-1764.",1
"Pratt, Mr. (Samuel Jackson), 1749-1814.",1
"Wilkinson, Tate, 1739-1803.",1
"Collins, William, 1721-1759.",1
"Inchbald, Mrs., 1753-1821.",1
"Pratt, Mr. (Samuel Jackson), 1749-1814.",1
"Boswell, James, 1740-1795.",1
"Kemble, John Philip, 1757-1823.",1
"Hogarth, William, ill. 1697-1764.",1
Harrison & Co.,1
"Kipling, Rudyard, 1865-1936",1
"Ade, George, 1866-1944",1
"Belloste, Augustin, 1654-1730.",1
"Defoe, Daniel, attributed name. 1661?-1731,",1
"Pope, Alexander, 1688-1744.",1
"Dudley, H. Bate, Sir (Henry Bate), 1745-1824.",1
"Pratt, Mr. (Samuel Jackson), 1749-1814.",1
"London, Jack, 1876-1916",1
"Berkeley, George Monck, 1763-1793.",1
(unknown),1
"Berkeley, George Monck, 1763-1793.",1
"Dibdin, Charles, 1745-1814.",1
"Gilpin, William, 1724-1804.",1
"Defoe, Daniel, 1661?-1731.",1
"Aikin, John, 1747-1822.",1
"Hawkesworth, John, fl. 1782-1778.",1
"MacNally, Leonard, 1752-1820.",1
(unknown),1
"Carey, Henry, 1687?-1743.",1
"Dibdin, Charles, 1745-1814.",1
"Pope, Alexander, 1688-1744.",1
"Hawkesworth, John, 1715?-1773.",1
"Kenrick, W. (William), 1725?-1779.",1
"O'Keeffe, John, 1747-1833.",1
"Gilpin, William, 1724-1804.",1
"Parnell, Thomas, 1679-1718.",1
"More, Hannah, 1745-1833.",1
"Savage, Richard, d. 1743.",1
"Berkeley, George, 1685-1753.",1
"Holcroft, Thomas, 1745-1809.",1
"Jurin, James, 1684-1750.",1
"Blair, Hugh, 1718-1800.",1
"Cobb, James, 1756-1818.",1
"Muir, James, 1757-1820.",1
"Smollett, Tobias George, 1721-1771.",1
"Turgot, Anne-Robert-Jacques, baron de l'Aulne, 1727-1781",1
"Dennis, John, 1657-1734.",1
"Lind, James, 1736-1812.",1
(unknown),1
"More, Hannah, 1745-1833.",1
"Griffith, Richard, d. 1788.",1
"Oldys, William, 1696-1761.",1
"Burke, Edmund, 1729-1797.",1
"Conrad, Joseph, 1857-1924",1
"Johnson, Samuel, 1709-1784.",1
"More, Hannah, 1745-1833.",1
"Sloane, Hans, Sir, 1660-1753.",1
"Burney, Fanny, 1752-1840.",1
"Smith, Adam, 1723-1790",1
"Wharton, Edith, 1862-1937",1
"Dennis, John, 1657-1734.",1
"Kenrick, W. (William), 1725?-1779.",1
"Kames, Henry Home, Lord, 1696-1782.",1
"Baum, L. Frank (Lyman Frank), 1856-1919",1
"Janeway, James, 1636?-1674.",1
"Shakespeare, William, 1564-1616",1
"Lennox, Charlotte, ca. 1729-1804.",1
"Defoe, Daniel, 1661?-1731.",1
"Parnell, Thomas, 1679-1718.",1
Author of The practical scheme.,1
Homer.,1
"Burke, Edmund, 1729-1797.",1
"Kelly, Hugh, 1739-1777.",1
"Collins, William, 1721-1759.",1
Plutarch,1
"Goldsmith, Oliver, 1730?-1774.",1
"Hill, Aaron, 1685-1750.",1
"Gibbon, Edward, 1737-1794.",1
"Donovan, E. (Edward), 1768-1837.",1
"Ayscough, James, d. ca. 1762.",1
"Pratt, Mr. (Samuel Jackson), 1749-1814.",1
"Allen, Ethan, 1738-1789",1
"Francis, Philip, Sir, 1740-1818.",1
"Brown, John, 1715-1766.",1
London Hospital.,1
"Churchill, Charles, 1731-1764.",1
"Dodsley, Robert, 1703-1764.",1
"Pinkerton, John, 1758-1826.",1
"Jones, John Gale, 1769-1838.",1
"Bell, Benjamin, 1749-1806.",1
"Stevens, George Alexander, 1710-1784.",1
"Defoe, Daniel, 1661?-1731.",1
"Chetwood, W. R. (William Rufus), d. 1766.",1
"Kelly, Hugh, 1739-1777.",1
"Colman, George, 1732-1794.",1
"Chatterton, Thomas, 1752-1770.",1
"More, Hannah, 1745-1833.",1
(unknown),1
"Sharp, Granville, 1735-1813.",1
"Hitchcock, Robert, d. 1809.",1
"Lennox, Charlotte, ca. 1729-1804.",1
"Ellwood, Thomas, 1639-1713.",1
"Ogden, Bernard, b. 1767.",1
"Defoe, Daniel, 1661?-1731.",1
"Garrick, David, 1717-1779.",1
"Cradock, Joseph, 1742-1826.",1
"Hawkins, W. (William), 18th cent.",1
"Gilpin, William, 1724-1804.",1
"Chetwood, W. R. (William Rufus), d. 1766.",1
"Congreve, William, 1670-1729.",1
"Thomson, James, 1700-1748.",1
"More, Hannah, 1745-1833.",1
"Jonson, Ben, 1573?-1637",1
"Philips, Ambrose, 1674-1749.",1
"Austen, Jane, 1775-1817",1
"Richardson, Samuel, 1689-1761.",1
"Walpole, Horace, 1717-1797.",1
"Cowper, William, 1731-1800.",1
"Paine, Thomas, 1737-1809.",1
"Cibber, Theophilus, 1703-1758.",1
Well-wisher to the publick.,1
"O'Keeffe, John, 1747-1833.",1
"Francklin, Thomas, 1721-1784.",1
"Trusler, John, 1735-1820.",1
"Pratt, Mr. (Samuel Jackson), 1749-1814.",1
(unknown),1
"Oldys, William, 1696-1761.",1
"Aulnoy, Madame d' (Marie-Catherine), 1650 or 51-1705.",1
"Sterne, Laurence, 1713-1768.",1
"Pope, Alexander, 1688-1744.",1
"Hayley, William, 1745-1820.",1
"More, Hannah, 1745-1833.",1
"Gay, John, 1685-1732",1
"Abbott, Jacob, 1803-1879",1
"Kipling, Rudyard, 1865-1936",1
"Pinkerton, John, 1758-1826.",1
"Cunningham, John, of Deptford.",1
"Dana, Richard Henry, 1815-1882",1
"Berkeley, George, 1685-1753.",1
"Defoe, Daniel, 1661?-1731.",1
"Defoe, Daniel, 1661?-1731.",1
"Milton, John, 1608-1674",1
"Whiston, William, 1667-1752.",1
(unknown),1
"Pope, Alexander, 1688-1744.",1
(unknown),1
"James, Henry, 1843-1916",1
"Paine, Thomas, 1737-1809.",1
"Addison, Joseph, 1672-1719.",1
"Thomson, James, 1700-1748.",1
"Macklin, Charles, 1697?-1797.",1
"Cockburn, W. (William), 1669-1739.",1
"Trusler, John, 1735-1820.",1
"Hoole, John, 1727-1803.",1
"Defoe, Daniel, 1661?-1731.",1
"Burke, Edmund, 1729-1797.",1
"Holcroft, Thomas, 1745-1809.",1
"Boreman, Thomas, fl. 1730-1743.",1
"Mead, Richard, 1673-1754.",1
"Defoe, Daniel, 1661?-1731.",1
"Gowland, John, d. 1776.",1
"Hayley, William, 1745-1820.",1
"Brand, John, 1744-1806.",1
"Shakespeare, William, 1564-1616",1
"Wilson, Thomas, 1525?-1581",1
"Hull, Thomas, 1728-1808.",1
"Shakespeare, William, 1564-1616",1
"Paine, Thomas, 1737-1809.",1
"Pennant, Thomas, 1726-1798.",1
"Gilpin, William, 1724-1804.",1
"Otis, James, 1725-1783",1
"Society of Apothecaries, London.",1
"Richardson, Samuel, fl. 1643-1658.",1
"Brown, John, 1715-1766.",1
"O'Keeffe, John, 1747-1833.",1
"Rousseau, Jean-Jacques, 1712-1778.",1
"Shakespeare, William, 1564-1616",1
"Pope, Alexander, 1688-1744.",1
"Gaskell, Elizabeth Cleghorn, 1810-1865",1
"Shiells, Robert, d. 1753.",1
"Dow, Alexander, d. 1779.",1
"Francklin, Thomas, 1721-1784.",1
"Paine, Thomas, 1737-1809.",1
"More, Hannah, 1745-1833.",1
"Richardson, Samuel, 1689-1761.",1
"Brand, John, d. 1808.",1
"Trusler, John, 1735-1820.",1
"Downman, Hugh, 1740-1809.",1
"Jonson, Ben, 1573?-1637",1
"Trusler, John, 1735-1820.",1
"Cobb, James, 1756-1818.",1
"Moxon, Joseph, 1627-1691.",1
"Gray, Thomas, 1716-1771.",1
"Pope, Alexander, 1688-1744.",1
"Cheyne, George, 1673-1743.",1
"Addison, Joseph, 1672-1719.",1
"Dibdin, Charles, 1745-1814.",1
"Hawkesworth, John, 1715?-1773.",1
"Defoe, Daniel, 1661?-1731.",1
"Hawkesworth, John, 1715?-1773.",1
"Fawkes, Francis, 1720-1777.",1
"Woty, William, 1731?-1791.",1
"Darwin, Erasmus, 1731-1802.",1
"Swift, Jonathan, 1667-1745",1
"Sheridan, Thomas, 1687-1738",1
"Reed, Joseph, 1723-1787.",1
"Dudley, H. Bate, Sir (Henry Bate), 1745-1824.",1
"Kipling, Rudyard, 1865-1936",1
"Goldsmith, Oliver, 1730?-1774.",1
"Spilsbury, Francis.",1
"Kames, Henry Home, Lord, 1696-1782.",1
"Garrick, David, 1717-1779.",1
"Brand, John, 1668?-1738.",1
"Pope, Alexander, 1688-1744.",1
"Thomson, James, 1700-1748.",1
"Brand, John, d. 1808.",1
"Pilon, Frederick, 1750-1788.",1
"Holcroft, Thomas, 1745-1809.",1
"More, Hannah, 1745-1833.",1
"Wigstead, Henry.",1
"Hume, David, 1711-1776.",1
"Warton, Thomas, 1728-1790.",1
"Defoe, Daniel, attributed name. 1661?-1731,",1
(unknown),1
"Centlivre, Susanna, 1667?-1723.",1
"Goldsmith, Oliver, 1730?-1774.",1
"Kipling, Rudyard, 1865-1936",1
"Firishtah, Muá¸¥ammad QÄsim HindÅ« ShÄh AstarÄbÄdÄ«.",1
"Warton, Thomas, 1728-1790.",1
(unknown),1
"O'Keeffe, John, 1747-1833.",1
"Brooke, Frances, 1724?-1789.",1
"Andrews, Miles Peter, d. 1814.",1
"Harrison, John, fl. 1784-1792.",1
"Langley, Gilbert.",1
"Holcroft, Thomas, 1745-1809.",1
"Jerningham, Mr. (Edward), 1737?-1812.",1
"Kames, Henry Home, Lord, 1696-1782.",1
"Brand, John, d. 1808.",1
"Defoe, Daniel, 1661?-1731.",1
"Carey, George Saville, 1743-1807.",1
"Kames, Henry Home, Lord, 1696-1782.",1
"Gaskell, Elizabeth Cleghorn, 1810-1865",1
"Dudley, H. Bate, Sir (Henry Bate), 1745-1824.",1
"London, Jack, 1876-1916",1
"Carey, George Saville, 1743-1807.",1
(unknown),1
"Addison, Joseph, 1672-1719.",1
"Spence, Thomas, 1750-1814.",1
"Disraeli, Isaac, 1766-1848.",1
"Pope, Alexander, 1688-1744.",1
"Pennant, Thomas, 1726-1798.",1
"Jephson, Robert, 1736-1803.",1
"Francklin, Thomas, 1721-1784.",1
"More, Hannah, 1745-1833.",1
"More, Hannah, 1745-1833.",1
"Churchill, Charles, 1731-1764.",1
"Kenrick, W. (William), 1725?-1779.",1
Person of honour.,1
"Paley, William, 1743-1805.",1
"Dickinson, John",1
"Delap, J. (John), 1725-1812.",1
"Dickens, Charles, 1812-1870",1
"Arbuthnot, John, 1667-1735.",1
"Lewis, M. G. (Matthew Gregory), 1775-1818.",1
"Stanyan, Temple, 1677?-1752.",1
"Congreve, William, 1670-1729.",1
"Home, John, 1722-1808.",1
"Cumberland, Richard, 1732-1811.",1
"Pilkington, Laetitia, 1712-1750.",1
"Defoe, Daniel, 1661?-1731.",1
"Inchbald, Mrs., 1753-1821.",1
"Dibdin, Charles, 1745-1814.",1
"Cibber, Theophilus, 1703-1758.",1
"Gentleman, Francis, 1728-1784.",1
"Williams, Helen Maria, 1762-1827.",1
"Jephson, Robert, 1736-1803.",1
"Warton, Thomas, 1728-1790.",1
"Hobbes, Thomas, 1588-1679",1
"Holcroft, Thomas, 1745-1809.",1
"Hill, Aaron, 1685-1750.",1
"Charke, Charlotte, 1713-1760.",1
"Rowe, Nicholas, 1674-1718.",1
"Berkeley, George, 1685-1753.",1
"Spence, Thomas, 1750-1814.",1
"Cowley, Mrs. (Hannah), 1743-1809.",1
"Cobb, James, 1756-1818.",1
"Goldsmith, Oliver, 1730?-1774.",1
"Montgomery, L. M. (Lucy Maud), 1874-1942",1
"Grahame, Kenneth, 1859-1932",1
"Radcliffe, Ann Ward, 1764-1823.",1
"Trusler, John, 1735-1820.",1
"Hayley, William, 1745-1820.",1
"Sharp, Granville, 1735-1813.",1
"White, John, 1757 or 8-1832.",1
(unknown),1
"Wells, H.G. (Herbert George), 1866-1946",1
"Richardson, Samuel, fl. 1643-1658.",1
Pindaromastix.,1
"Boswell, James, 1740-1795.",1
"Wilkinson, Tate, 1739-1803.",1
"Richardson, Samuel, 1689-1761.",1
"Sterne, Laurence, 1713-1768.",1
"Holcroft, Thomas, 1745-1809.",1
"Shakespeare, William, 1564-1616",1
"Cumberland, Richard, 1732-1811.",1
"Addison, Joseph, 1672-1719.",1
"Spenser, Edmund, 1552?-1599",1
"Shakespeare, William, 1564-1616",1
"Defoe, Daniel, 1661?-1731.",1
"Defoe, Daniel, 1661?-1731.",1
"Boreman, Thomas, fl. 1730-1743.",1
"Dudley, H. Bate, Sir (Henry Bate), 1745-1824.",1
"Jones, Henry, 1721-1770.",1
"Defoe, Daniel, 1661?-1731.",1
"Hill, John, 1714?-1775.",1
"Hayley, William, 1745-1820.",1
"Hawkins, William, 1722-1801.",1
"Holcroft, Thomas, 1745-1809.",1
"Wordsworth, William, 1770-1850",1
"Jardine, Alexander, d. 1799.",1
"Hawkins, William, 1722-1801.",1
"Norris, Thomas, fl. 1780.",1
"Akenside, Mark, 1721-1770.",1
"O'Keeffe, John, 1747-1833.",1
"Lennox, Charlotte, ca. 1729-1804.",1
"Duck, Stephen, 1705-1756.",1
"Rushworth, John, 1669-1736.",1
"Hayley, William, 1745-1820.",1
"Paine, Thomas, 1737-1809.",1
"Dennis, John, 1657-1734.",1
"Cradock, Joseph, 1742-1826.",1
"Centlivre, Susanna, 1667?-1723.",1
"Carey, George Saville, 1743-1807.",1
"Bunyan, John",1
"Bloomfield, Robert, 1766-1823.",1
"Cumberland, Richard, 1732-1811.",1
"Blair, Hugh, 1718-1800.",1
"Defoe, Daniel, 1661?-1731.",1
"More, Hannah, 1745-1833.",1
"Samber, Robert.",1
"Sharp, Granville, 1735-1813.",1
"Sterne, Laurence, 1713-1768.",1
"Burney, Fanny, 1752-1840.",1
"Charke, Charlotte, 1713-1760.",1
"Mason, William, 1725-1797.",1
"Walpole, Horace, 1717-1797.",1
"Pennant, Thomas, 1726-1798.",1
"Goldsmith, Oliver, 1730?-1774.",1
"Hazlitt, William, 1737-1820.",1
"Richardson, Samuel, 1689-1761.",1
"Dyer, John, 1652 or 3-1713.",1
"Tickell, Mr. (Thomas), 1686-1740.",1
"Pope, Alexander, 1688-1744.",1
"Duck, Stephen, 1705-1756.",1
"Shakespeare, William, 1564-1616",1
"Defoe, Daniel, 1661?-1731.",1
Unknown,1
"Chaigneau, William, 1709-1781.",1
Homer.,1
"Pratt, Mr. (Samuel Jackson), 1749-1814.",1
"Turner, Daniel, 1667-1741.",1
"Jackson, Humphrey, ca. 1717-1801.",1
"More, Hannah, 1745-1833.",1
"O'Keeffe, John, 1747-1833.",1
"Pennant, Thomas, 1726-1798.",1
"Kenrick, W. (William), 1725?-1779.",1
"Richardson, Samuel, 1689-1761.",1
"Pilkington, Laetitia, 1712-1750.",1
"Hume, David, 1711-1776.",1
"Hull, Thomas, 1728-1808.",1
"Hutton, Charles, 1737-1823.",1
"Trusler, John, 1735-1820.",1
"Henry, David, 1710-1792.",1
"Dibdin, Charles, 1745-1814.",1
"Hull, Thomas, 1728-1808.",1
"Burke, Edmund, 1729-1797.",1
"Way, G. L. (Gregory Lewis), d. 1799.",1
"Mason, William, 1725-1797.",1
"Cumberland, Richard, 1732-1811.",1
"Pilon, Frederick, 1750-1788.",1
"Cobb, James, 1756-1818.",1
"Sharp, Granville, 1735-1813.",1
"Home, John, 1722-1808.",1
"Paine, Thomas, 1737-1809.",1
"Gray, Thomas, 1716-1771.",1
"Kipling, Rudyard, 1865-1936",1
"Pennant, Thomas, 1726-1798.",1
"Duckett, George, 1684-1732.",1
"Kipling, Rudyard, 1865-1936",1
"Gaskell, Elizabeth Cleghorn, 1810-1865",1
"Trusler, John, 1735-1820.",1
"Disraeli, Isaac, 1766-1848.",1
"Cumberland, Richard, 1732-1811.",1
"Cunningham, John, taylor.",1
"Shakespeare, William, 1564-1616",1
"Pope, Alexander, 1688-1744.",1
"Arbuthnot, John, 1667-1735.",1
"More, Hannah, 1745-1833.",1
"Gentleman, Francis, 1728-1784.",1
"Killings, Douglas B. (ed.)",1
"More, Hannah, 1745-1833.",1
"Hume, David, 1711-1776.",1
"Trusler, John, 1735-1820.",1
"Defoe, Daniel, 1661?-1731.",1
"Polesworth, Humphry, Sir, 18th cent.",1
"Defoe, Daniel, 1661?-1731.",1
"Paine, Thomas, 1737-1809.",1
"Cockburn, W. (William), 1669-1739.",1
"Wright, J. (John), fl. 1761-1765.",1
"O'Keeffe, John, 1747-1833.",1
"Blake, William, 1757-1827",1
"Twain, Mark, 1835-1910",1
"Carey, Henry, 1687?-1743.",1
"Jephson, Robert, 1736-1803.",1
"Bulstrode, Richard, Sir, 1610-1711.",1
"Murphy, Arthur, 1727-1805.",1
"Berquin, M. (Arnaud), 1747-1791.",1
"Richardson, Samuel, 1689-1761.",1
"Sterne, Laurence, 1713-1768.",1
"Sterne, Laurence, 1713-1768.",1
"Fitzgerald, F. Scott (Francis Scott), 1896-1940",1
"Blair, Hugh, 1718-1800.",1
"Dibdin, Charles, 1745-1814.",1
"Goldsmith, Oliver, 1730?-1774.",1
"Inchbald, Mrs., 1753-1821.",1
"Jerningham, Mr. (Edward), 1737?-1812.",1
"Dodsley, Robert, 1703-1764.",1
"Radcliffe, Ann Ward, 1764-1823.",1
"Kipling, Rudyard, 1865-1936",1
"Hume, David, 1711-1776.",1
"Melville, Herman, 1819-1891",1
"Pilon, Frederick, 1750-1788.",1
"Disraeli, Isaac, 1766-1848.",1
"Delap, J. (John), 1725-1812.",1
"Colbatch, John, Sir, 1670-1729.",1
"Pope, Alexander, 1688-1744.",1
"Marvell, Andrew, 1621-1678",1
"Milton, John, 1608-1674",1
"Donovan, E. (Edward), 1768-1837.",1
"Dibdin, Charles, 1745-1814.",1
"Trinder, William Martin.",1
"Carey, George Saville, 1743-1807.",1
"Franklin, Benjamin, 1706-1790",1
"Whiston, William, 1667-1752.",1
"Mason, William, 1719-1791.",1
"Pratt, Mr. (Samuel Jackson), 1749-1814.",1
"Carey, Henry, 1687?-1743.",1
"More, Hannah, 1745-1833.",1
"Brown, Charles Brockden, 1771-1810.",1
"Shakespeare, William, 1564-1616",1
"Bulstrode, Richard, Sir, 1610-1711.",1
"Shiells, Robert, d. 1753.",1
"Boreman, Thomas, fl. 1730-1743.",1
"Eliot, George, 1819-1880",1
"Nettleton, Thomas, 1683-1742.",1
"Sharp, William, fl. 1766-1767.",1
"Wilkinson, Tate, 1739-1803.",1
"Pope, Alexander, 1688-1744.",1
"Buffon, Georges Louis Leclerc, comte de, 1707-1788.",1
"Sharp, Granville, 1735-1813.",1
"Garrick, David, 1717-1779.",1
"Equiano, Olaudah, b. 1745.",1
"Paine, Thomas, 1737-1809.",1
"More, Hannah, 1745-1833.",1
"Gilpin, William, 1724-1804.",1
"Boswell, James, 1740-1795.",1
"Lee, Sophia, 1750-1824.",1
"Lee, Sophia, 1750-1824.",1
(unknown),1
"Murphy, Arthur, 1727-1805.",1
"Trollope, Anthony, 1815-1882",1
"Dodsley, Robert, 1703-1764.",1
"MacNally, Leonard, 1752-1820.",1
"Centlivre, Susanna, 1667?-1723.",1
"Pratt, Mr. (Samuel Jackson), 1749-1814.",1
"Carey, Henry, 1687?-1743.",1
"Hoare, Prince, 1755-1834.",1
"Pratt, Mr. (Samuel Jackson), 1749-1814.",1
"Kyd, Thomas, 1558-1594",1
"Jefferson, Thomas, 1743-1826",1
"Kipling, Rudyard, 1865-1936",1
"Balestier, Wolcott, 1861-1891",1
"Cowley, Mrs. (Hannah), 1743-1809.",1
"Gray, Thomas, 1716-1771.",1
"Kipling, Rudyard, 1865-1936",1
"Cibber, Theophilus, 1703-1758.",1
"Macklin, Charles, 1697?-1797.",1
"Garrick, David, 1717-1779.",1
"Fielding, Henry, 1707-1754.",1
"Radcliffe, Ann Ward, 1764-1823.",1
"Gilpin, William, 1724-1804.",1
"Hutchinson, William, 1732-1814.",1
"Kipling, Rudyard, 1865-1936",1
"Lennox, Charlotte, ca. 1729-1804.",1
"Tickell, Richard, 1751-1793.",1
"More, Hannah, 1745-1833.",1
"Jones, Henry, 1721-1770.",1
"Lennox, Charlotte, 1729-1804. Trifler.",1
"Lennox, Charlotte, 1729-1804.",1
"Kelley, Hugh, 1739-1777.",1
"Gilpin, William, 1724-1804.",1
"Erasmus, Desiderius, d. 1536",1
"Hardy, Thomas, 1840-1928",1
"Glover, Richard, 1712-1785.",1
"Kelly, Hugh, 1739-1777.",1
"Hutton, Charles, 1737-1823.",1
"Clive, Mrs. (Catherine), 1711-1785.",1
"Pope, Alexander, 1688-1744.",1
"Holcroft, Thomas, 1745-1809.",1
"Lennox, Charlotte, ca. 1729-1804.",1
"Way, G. L. (Gregory Lewis), d. 1799.",1
"Burke, Edmund, 1729-1797.",1
"Trusler, John, 1735-1820.",1
"Woolston, Thomas, 1670-1733.",1
"Kipling, Rudyard, 1865-1936",1
"Pope, Alexander, 1688-1744.",1
"Richardson, Samuel, 1689-1761.",1
"Hitchcock, Robert, d. 1809.",1
"Gerard, Alexander, 1728-1795.",1
"Francklin, Thomas, 1721-1784.",1
"Addison, Joseph, 1672-1719.",1
"Alden, Henry Mills, 1836-1919 (ed.)",1
"Colman, George, 1732-1794.",1
"Murphy, Arthur, 1727-1805.",1
"Goldsmith, Oliver, 1730?-1774.",1
"Carey, Henry, 1687?-1743.",1
"Cumberland, Richard, 1732-1811.",1
"Johnson, Samuel, 1709-1784.",1
"Cunningham, John, 1729-1773.",1
"Garrick, David, 1717-1779.",1
"Defoe, Daniel, 1661?-1731.",1
"Hartley, David, 1705-1757.",1
"Pratt, Mr. (Samuel Jackson), 1749-1814.",1
"Jerningham, Mr. (Edward), 1737?-1812.",1
"Colman, George, 1732-1794.",1
"Lloyd, Robert, 1733-1764.",1
"Kenrick, W. (William), 1725?-1779.",1
"Defoe, Daniel, 1661?-1731.",1
"Dudley, H. Bate, Sir (Henry Bate), 1745-1824.",1
"Cowley, Mrs. (Hannah), 1743-1809.",1
"Jephson, Robert, 1736-1803.",1
"Pope, Alexander, 1688-1744.",1
"Gaskell, Elizabeth Cleghorn, 1810-1865",1
"Dickens, Charles, 1812-1870",1
"Jerningham, Mr. (Edward), 1737?-1812.",1
"Inchbald, Mrs., 1753-1821.",1
"Paine, Thomas, 1737-1809.",1
"Walton, Jacob, d. 1743.",1
"Craven, Elizabeth Craven, Baroness, 1750-1828.",1
(unknown),1
"Shakespeare, William, 1564-1616",1
"Hayley, William, 1745-1820.",1
"Defoe, Daniel, 1661?-1731",1
"King, Thomas, 1730-1805.",1
"Hardy, Thomas, 1840-1928",1
"Kemble, John Philip, 1757-1823.",1
"Murphy, Arthur, 1727-1805.",1
"Hume, David, 1711-1776.",1
"Sharp, Granville, 1735-1813.",1
"Lennox, Charlotte, ca. 1729-1804.",1
"Churchill, Charles, 1731-1764.",1
"Gibbon, Edward, 1737-1794.",1
"Delap, J. (John), 1725-1812.",1
"Richardson, Samuel, 1689-1761.",1
"Sharp, Granville, 1735-1813.",1
"Kenrick, W. (William), 1725?-1779.",1
"Shakespeare, William, 1564-1616",1
"Sheridan, Richard Brinsley, 1751-1816.",1
"Bond, William, d. 1735.",1
"Trusler, John, 1735-1820.",1
"Churchill, Charles, 1731-1764.",1
"Ashmole, Elias, 1617-1692.",1
"O'Keeffe, John, 1747-1833.",1
"Bickerstaff, Isaac, 1735-1812.",1
"Francklin, Thomas, 1721-1784.",1
"Leland, Thomas, 1722-1785.",1
"Sheridan, Richard Brinsley, 1751-1816.",1
"Dow, Alexander, d. 1779.",1
"Warton, Thomas, 1728-1790.",1
"Hayley, William, 1745-1820.",1
"Dibdin, Charles, 1745-1814.",1
"Berkeley, George, 1685-1753.",1
"Flemyng, Malcolm, d. 1764.",1
"Jones, Henry, 1721-1770.",1
"Dodsley, Robert, 1703-1764.",1
"Pratt, Mr. (Samuel Jackson), 1749-1814.",1
"Dodsley, Robert, 1703-1764.",1
"Downman, Hugh, 1740-1809.",1
"Goldsmith, Oliver, 1730?-1774.",1
"Doddridge, Philip, 1702-1751.",1
"Hayley, William, 1745-1820.",1
"Donovan, E. (Edward), 1768-1837.",1
"Sharp, Granville, 1735-1813.",1
"Cheyne, George, 1673-1743.",1
"Hitchcock, Robert, d. 1809.",1
"Fielding, Henry, 1707-1754.",1
"Thomson, James, 1700-1748.",1
"Cumberland, Richard, 1732-1811.",1
"Spence, Thomas, 1750-1814.",1
"Dennis, John, 1657-1734.",1
"Dodsley, Robert, 1703-1764.",1
"Kelly, Hugh, 1739-1777.",1
"Trusler, John, 1735-1820.",1
"Downman, Hugh, 1740-1809.",1
"Macpherson, James, 1736-1796.",1
"Brown, John, 1715-1766.",1
"More, Hannah, 1745-1833.",1
"Aikin, John, 1747-1822.",1
Pliny the Younger,1
"O'Hara, Kane, 1714?-1782.",1
"Brown, John, 1715-1766.",1
"Whitehead, William, 1715-1785.",1
"Dodsley, Robert, 1703-1764.",1
"Dibdin, Charles, 1745-1814.",1
"Defoe, Daniel, attributed name. 1661?-1731,",1
"Johnson, Samuel, 1709-1784",1
"Burgoyne, John, 1722-1792.",1
"Pollard, Robert, 1755-1838.",1
"Way, G. L. (Gregory Lewis), d. 1799.",1
"Arnaud de Ronsil, Georges, 1698-1774.",1
"Hull, Thomas, 1728-1808.",1
"Mason, William, 1725-1797.",1
"Hume, David, 1711-1776.",1
"Chetwood, W. R. (William Rufus), d. 1766.",1
"Pope, Alexander, 1688-1744.",1
"Hutchinson, William, 1732-1814.",1
"Purney, Thomas, 1695-ca. 1727.",1
"More, Hannah, 1745-1833.",1
(unknown),1
"Paine, Thomas, 1737-1809.",1
"Dennis, John, 1657-1734.",1
"Bickerstaff, Isaac, 1735-1812.",1
"Burney, Fanny, 1752-1840.",1
"Defoe, Daniel, 1661?-1731.",1
"Goldsmith, Oliver, 1730?-1774.",1
"Goldsmith, Oliver, 1730?-1774.",1
"Savage, Richard, d. 1743.",1
"Spenser, Edmund, 1552?-1599",1
"Centlivre, Susanna, 1667?-1723.",1
"Morton, Thomas, 1764-1838.",1
"Hull, Thomas, 1728-1808.",1
"Boyesen, Hjalmar Hjorth, 1848-1895",1
"More, Hannah, 1745-1833.",1
"Trollope, Anthony, 1815-1882",1
(unknown),1
"Janeway, James, 1636?-1674.",1
"Lewis, Mayer.",1
"Clive, Mrs. (Catherine), 1711-1785.",1
"Donovan, E. (Edward), 1768-1837.",1
"Lewis, M. G. (Matthew Gregory), 1775-1818.",1
"Langland, William, 1330?-1400?",1
"Ovid, 43 B.C.-17 or 18 A.D.",1
"Centlivre, Susanna, 1667?-1723.",1
"Hartson, Hall, d. 1773.",1
"Brett-Smith, H. F. B. (Herbert Francis Brett) (ed.)",1
"Murray, James, 1732-1782.",1
"Hill, Aaron, 1685-1750.",1
"Defoe, Daniel, 1661?-1731.",1
(unknown),1
"Psalmanazar, George, 1679?-1763.",1
"Kames, Henry Home, Lord, 1696-1782.",1
"Hawkins, W. (William), 18th cent.",1
Hearty Well-Wisher to Publick Credit.,1
"Garrick, David, 1717-1779.",1
"Reynolds, Frederick, 1764-1841.",1
"Law, William, 1686-1761.",1
"Warton, Thomas, 1728-1790.",1
"Holcroft, Thomas, 1745-1809.",1
"More, Hannah, 1745-1833.",1
"Walton, Jacob, d. 1743.",1
"Burgoyne, John, 1722-1792.",1
"Jones, Henry, 1721-1770.",1
"Thomson, James, 1700-1748.",1
"Gray, Thomas, 1716-1771.",1
"Kipling, Rudyard, 1865-1936",1
"Congreve, William, 1670-1729.",1
"Centlivre, Susanna, 1667?-1723.",1
"Burgoyne, John, 1722-1792.",1
"Dampier, Henry.",1
"Paine, Thomas, 1737-1809.",1
"Surgeons Hospital (Edinburgh, Scotland)",1
"Macpherson, James, 1736-1796.",1
"Hill, John, 1714?-1775.",1
"Pope, Alexander, 1688-1744.",1
"Shenstone, William, 1714-1763.",1
"Trusler, John, 1735-1820.",1
"London, Jack, 1876-1916",1
"More, Hannah, 1745-1833.",1
"James, Henry, 1843-1916",1
"Trusler, John, 1735-1820.",1
"Defoe, Daniel, 1661?-1731.",1
"Collins, William, 1721-1759.",1
"Pinkerton, John, 1758-1826.",1
"Defoe, Daniel, 1661?-1731.",1
"Cumberland, Richard, 1732-1811.",1
"Hume, David, 1711-1776.",1
"Carey, Henry, 1687?-1743.",1
"Jones, Henry, 1721-1770.",1
"Holcroft, Thomas, 1745-1809.",1
"Lloyd, Robert, 1733-1764.",1
"West, Richard, Son of the Lord Chancellor of Ireland.",1
"Fawkes, Francis, 1720-1777.",1
"Woty, William, 1731?-1791.",1
"Buffon, Georges Louis Leclerc, comte de, 1707-1788.",1
"Inchbald, Mrs., 1753-1821.",1
"Janeway, James, 1636?-1674.",1
"Carey, Henry, 1687?-1743.",1
"Inchbald, Mrs., 1753-1821.",1
"Carey, Henry, 1687?-1743.",1
"Dodsley, Robert, 1703-1764.",1
"Defoe, Daniel, 1661?-1731.",1
(unknown),1
"Shakespeare, William, 1564-1616",1
"Gilpin, William, 1724-1804.",1
"Bickerstaff, Isaac, 1735-1812.",1
"Gentleman, Francis, 1728-1784.",1
"Gilpin, William, 1724-1804.",1
"Donovan, E. (Edward), 1768-1837.",1
(unknown),1
"Cumberland, Richard, 1732-1811.",1
"Jones, Henry, 1721-1770.",1
"Holcroft, Thomas, 1745-1809.",1
"Defoe, Daniel, 1661?-1731.",1
"Churchill, Charles, 1731-1764.",1
"Pope, Alexander, 1688-1744.",1
"Trusler, John, 1735-1820.",1
"Arbuthnot, John, 1667-1735.",1
"Whiston, William, 1667-1752.",1
"Hardy, Thomas, 1840-1928",1
"Paine, Thomas, 1737-1809.",1
"Dickens, Charles, 1812-1870",1
"Pott, Percivall, 1714-1788.",1
"Downman, Hugh, 1740-1809.",1
"Pope, Alexander, 1688-1744.",1
"Thomson, James, 1700-1748.",1
"Hull, Thomas, 1728-1808.",1
"Hayley, William, 1745-1820.",1
"Churchill, Charles, 1731-1764.",1
"Twain, Mark, 1835-1910",1
"Holcroft, Thomas, 1745-1809.",1
"Goldsmith, Oliver, 1730?-1774.",1
"Colman, George, 1762-1836.",1
"Richardson, Samuel, 1689-1761.",1
"Hayley, William, 1745-1820.",1
"Gilpin, William, 1724-1804.",1
"Dibdin, Charles, 1745-1814.",1
"Steele, Richard, Sir, 1672-1729.",1
"Addison, Joseph, 1672-1719.",1
"Henry, David, 1710-1792.",1
"Goldsmith, Oliver, 1730?-1774.",1
"Mason, William, 1725-1797.",1
"Goldsmith, Oliver, 1730?-1774.",1
"Oldys, William, 1696-1761.",1
"Goldsmith, Oliver, 1730?-1774.",1
"Oldys, William, 1696-1761.",1
"Brand, John, 1744-1806.",1
"Watts, Isaac, 1674-1748.",1
"Garrick, David, 1717-1779.",1
"Leapor, Mrs. (Mary), 1722-1746.",1
"Francis, Philip, 1708?-1773.",1
Pindaromastix.,1
"Foote, Samuel, 1720-1777.",1
"Warton, Thomas, 1728-1790.",1
"Cowley, Mrs. (Hannah), 1743-1809.",1
"Gentleman, Francis, 1728-1784.",1
"Jefferson, Thomas, 1743-1826",1
"Ovid, 43 B.C.-17 or 18 A.D.",1
"Arbuthnot, John, 1667-1735.",1
"More, Hannah, 1745-1833.",1
"Whitehead, William, 1715-1785.",1
"Gilpin, William, 1724-1804.",1
"More, Hannah, 1745-1833.",1
"Colman, George, 1732-1794.",1
"O'Keeffe, John, 1747-1833.",1
"Bickerstaff, Isaac, 1735-1812.",1
"Gilpin, William, 1724-1804.",1
"Bickerstaff, Isaac, Jun.",1
"Hutchinson, William, 1732-1814.",1
"MacNally, Leonard, 1752-1820.",1
"Kipling, Rudyard, 1865-1936",1
"Pratt, Mr. (Samuel Jackson), 1749-1814.",1
"Page, John, fl. 1733-1763.",1
"Kipling, Rudyard, 1865-1936",1
"Murphy, Arthur, 1727-1805.",1
"O'Keeffe, John, 1747-1833.",1
"Dudley, H. Bate, Sir (Henry Bate), 1745-1824.",1
"Stern, Philip.",1
"Pix, Mary, 1666-1720.",1
"Fawkes, Francis, 1720-1777.",1
"Woty, William, 1731?-1791.",1
"Jephson, Robert, 1736-1803.",1
"Hayley, William, 1745-1820.",1
"Pilon, Frederick, 1750-1788.",1
"Jurin, James, 1684-1750.",1
"Cowley, Mrs. (Hannah), 1743-1809.",1
"Trusler, John, 1735-1820.",1
"Kemble, John Philip, 1757-1823.",1
"Hume, David, 1711-1776.",1
"Trusler, John, 1735-1820.",1
"Macklin, Charles, 1697?-1797.",1
"Rivers, David.",1
"Johnson, Samuel, 1709-1784.",1
"Kipling, Rudyard, 1865-1936",1
"Congreve, William, 1670-1729.",1
"Steele, Richard, Sir, 1672-1729.",1
"Addison, Joseph, 1672-1719.",1
"Sharp, Granville, 1735-1813.",1
"Inchbald, Mrs., 1753-1821.",1
"Pope, Alexander, 1688-1744.",1
"Spence, Thomas, 1750-1814.",1
"Hale, John, 18th cent.",1
"Pope, Alexander, 1688-1744.",1
"Buffon, Georges Louis Leclerc, comte de, 1707-1788.",1
"Richardson, Samuel, 1689-1761.",1
"Bickerstaff, Isaac, 1735-1812.",1
"Vanderlint, Jacob",1
"James, William, 1842-1910",1
"Wallis, John, 1714-1793.",1
"Pope, Alexander, 1688-1744.",1
"Pratt, Mr. (Samuel Jackson), 1749-1814.",1
"Defoe, Daniel, 1661?-1731.",1
"Hill, Aaron, 1685-1750.",1
"Buffon, Georges Louis Leclerc, comte de, 1707-1788.",1
(unknown),1
"Marat, Jean Paul, 1743-1793.",1
"Goldsmith, Oliver, 1730?-1774.",1
"Holcroft, Thomas, 1745-1809.",1
"Radcliffe, Mary Ann, 1745?-1810.",1
"Paine, Thomas, 1737-1809.",1
"Mandeville, Bernard, 1670-1733.",1
"Kipling, Rudyard, 1865-1936",1
"Boswell, James, 1740-1795.",1
"Northcote, James, 1746-1831.",1
"Josef Schmied, Claudia Claridge, Rainer Siemund (ed.)",1
"Cumberland, Richard, 1732-1811.",1
"Charke, Charlotte, 1713-1760.",1
"Eliot, George, 1819-1880",1
"Cowley, Mrs. (Hannah), 1743-1809.",1
"Muir, John, 1838-1914",1
"Sheridan, Richard Brinsley, 1751-1816.",1
"Kenrick, W. (William), 1725?-1779.",1
"Aulnoy, Madame d' (Marie-Catherine), 1650 or 51-1705.",1
"Addison, Joseph, 1672-1719.",1
"Lee, Sophia, 1750-1824.",1
"Richardson, Samuel, 1689-1761.",1
"Richardson, Samuel, 1689-1761.",1
"Gaskell, Elizabeth Cleghorn, 1810-1865",1
"Addison, Joseph, 1672-1719.",1
"Richardson, Samuel, 1689-1761.",1
"Berkeley, George, 1685-1753.",1
"Shenstone, William, 1714-1763.",1
"von Eschenbach, Wolfram, 12th cent.",1
"Bentley, R. (Richard), 1708-1782.",1
"Garrick, David, 1717-1779.",1
"Murray, James, 1732-1782.",1
"Francklin, Thomas, 1721-1784.",1
"Hawkins, John, Sir, 1719-1789.",1
"Trusler, John, 1735-1820.",1
"Jones, Henry, 1721-1770.",1
"Hume, David, 1711-1776.",1
"Richardson, Samuel, 1689-1761.",1
"Pope, Alexander, 1688-1744.",1
"Williams, Helen Maria, 1762-1827.",1
"Trusler, John, 1735-1820.",1
"Francklin, Thomas, 1721-1784.",1
"Inchbald, Mrs., 1753-1821.",1
"Pinkerton, John, 1758-1826.",1
"Disraeli, Isaac, 1766-1848.",1
"Cobb, James, 1756-1818.",1
"Bickerstaff, Isaac, 1735-1812.",1
"King, Thomas, 1730-1805.",1
"Hill, Aaron, 1685-1750.",1
"Reynolds, Frederick, 1764-1841.",1
"Macklin, Charles, 1697?-1797.",1
"Ritson, Joseph, 1752-1803.",1
"Addison, Joseph, 1672-1719.",1
"Hayley, William, 1657-1715.",1
"Churchill, Charles, 1731-1764.",1
(unknown),1
"Paley, William, 1743-1805.",1
"Jephson, Robert, 1736-1803.",1
"Sterne, Laurence, 1713-1768.",1
"Thomson, Alexander, M.D.",1
"Brown, John, 1722-1787.",1
"Trusler, John, 1735-1820.",1
"Pott, Percivall, 1714-1788.",1
"Cumberland, Richard, 1732-1811.",1
"Sheridan, Richard Brinsley, 1751-1816.",1
"Holcroft, Thomas, 1745-1809.",1
"Hudibras, Hugh.",1
"Chetwood, W. R. (William Rufus), d. 1766.",1
"Churchill, Charles, 1731-1764.",1
"Butler, Sarah, Mrs.",1
"Johnstone, Charles, 1719?-1800?",1
"Townley, James, 1714-1778.",1
"Murphy, Arthur, 1727-1805.",1
"Cobb, James, 1756-1818.",1
"Gilpin, William, 1724-1804.",1
"Giffard, Henry, 1699-1772.",1
"Bateson, Peter.",1
"Inchbald, Mrs., 1753-1821.",1
"Kipling, Rudyard, 1865-1936",1
"Paine, Thomas, 1737-1809.",1
"Arbuthnot, John, of Mitcham.",1
"Hartley, David, 1705-1757.",1
"More, Hannah, 1745-1833.",1
"Shakespeare, William, 1564-1616",1
"Carey, George Saville, 1743-1807.",1
"Dibdin, Charles, 1745-1814.",1
"Churchill, Charles, 1731-1764.",1
"Sheridan, Richard, d. 1793.",1
"Crosfeild, Robert Thomas, 1759-1802.",1
"Spence, Thomas, 1750-1814.",1
"Inchbald, Mrs., 1753-1821.",1
"Burke, Edmund, 1729-1797.",1
"Otis, James, 1725-1783",1
"Trusler, John, 1735-1820.",1
"Sharp, Granville, 1735-1813.",1
"Trusler, John, 1735-1820.",1
"Jerningham, Mr. (Edward), 1737?-1812.",1
"Barbauld, Mrs. (Anna Letitia), 1743-1825.",1
"Whitehead, William, 1715-1785.",1
"Francklin, Thomas, 1721-1784.",1
"Holman, J. G. (Joseph George), 1764-1817.",1
"Arbuthnot, John, 1667-1735.",1
"Pratt, Mr. (Samuel Jackson), 1749-1814.",1
"Arbuthnot, John, 1667-1735.",1
"Vaughan, Thomas, fl. 1772-1820.",1
"Trusler, John, 1735-1820.",1
"Rickman, John.",1
"Home, John, 1722-1808.",1
"Moxon, Elizabeth.",1
"Brand, Hannah, d. 1821.",1
"Chetwood, W. R. (William Rufus), d. 1766.",1
"Defoe, Daniel, 1661?-1731.",1
"Cooper, James Fenimore, 1789-1851",1
"Rymer, James, fl. 1770-1833.",1
"Holcroft, Thomas, 1745-1809.",1
"Murphy, Arthur, 1727-1805.",1
"Henry, O., 1862-1910",1
"Smith, Charlotte Turner, 1749-1806.",1
"Hitchcock, Robert, d. 1809.",1
"Smith, Charlotte Turner, 1749-1806.",1
"More, Hannah, 1745-1833.",1
"Randall, William.",1
"Taylor, Margaret, Mrs.",1
"Pratt, Mr. (Samuel Jackson), 1749-1814.",1
"Centlivre, Susanna, 1667?-1723.",1
(unknown),1
"Defoe, Daniel, 1661?-1731.",1
"O'Keeffe, John, 1747-1833.",1
"Lillo, George, 1693-1739.",1
"Defoe, Daniel, 1661?-1731.",1
"Woolston, Thomas, 1670-1733.",1
"Pratt, Mr. (Samuel Jackson), 1749-1814.",1
"Shakespeare, William, 1564-1616",1
"Palmer, Samuel, d. 1732.",1
"Beverley, Robert, ca. 1673-1722",1
"Defoe, Daniel, 1661?-1731.",1
"Defoe, Daniel, 1661?-1731.",1
"Gray, Thomas, 1716-1771.",1
"Goldsmith, Oliver, 1730?-1774.",1
"Dow, Alexander, d. 1779.",1
"O'Keeffe, John, 1747-1833.",1
"Jefferson, Thomas, 1743-1826",1
"Pennant, Thomas, 1726-1798.",1
"Jerningham, Mr. (Edward), 1737?-1812.",1
"Pope, Alexander, 1688-1744.",1
"Defoe, Daniel, 1661?-1731.",1
"Cobb, James, 1756-1818.",1
"Rowe, Nicholas, 1674-1718.",1
"Trollope, Anthony, 1815-1882",1
"Dibdin, Charles, 1745-1814.",1
"Brown, John, 1715-1766.",1
"Pope, Alexander, 1688-1744.",1
"James, Henry, 1843-1916",1
"Gilpin, William, 1724-1804.",1
"Garrick, David, 1717-1779.",1
"Hayley, William, 1745-1820.",1
"Donovan, E. (Edward), 1768-1837.",1
"Boswell, James, 1740-1795.",1
"Garrick, David, 1717-1779.",1
(unknown),1
"Dennis, John, 1657-1734.",1
"Carey, Henry, 1687?-1743.",1
"O'Brien, William, d. 1815.",1
"Lennox, Charlotte, ca. 1729-1804.",1
"Rowe, Nicholas, 1674-1718.",1
"Murphy, Arthur, 1727-1805.",1
"Griffith, Richard, d. 1788.",1
"Shiells, Robert, d. 1753.",1
"Berkeley, George, 1685-1753.",1
"Kipling, Rudyard, 1865-1936",1
"King, Thomas.",1
"Hill, Aaron, 1685-1750.",1
"Pope, Alexander, 1688-1744.",1
"Mayhew, Jonathan, 1720-1766",1
"Spence, Thomas, 1750-1814.",1
"Brown, John, 1722-1787.",1
"Gibbon, Edward, 1737-1794.",1
"Dudley, H. Bate, Sir (Henry Bate), 1745-1824.",1
"Dekker, Thomas, ca. 1572-1632",1
"Austen, Jane, 1775-1817",1
"Francklin, Thomas, 1721-1784.",1
"Jones, Henry, fl. 1782.",1
"Webb, William, mate of the Doddington East Indiaman.",1
"Trusler, John, 1735-1820.",1
"Sheridan, Richard Brinsley, 1751-1816.",1
"Fielding, Henry, 1707-1754",1
"Brand, John, d. 1808.",1
"Smollett, Tobias George, 1721-1771.",1
"James, William, 1842-1910",1
"Defoe, Daniel, 1661?-1731.",1
"Hayley, William, 1745-1820.",1
"Rennie, George, 1749-1828.",1
"Macpherson, James, 1736-1796.",1
"Trusler, John, 1735-1820.",1
"Bierce, Ambrose, 1842-1914?",1
"Macpherson, James, 1736-1796.",1
"Milton, John, 1608-1674",1
"Wilkinson, Tate, 1739-1803.",1
"Cadogan, William, 1711-1797.",1
"Sterne, Laurence, 1713-1768.",1
"Pratt, Mr. (Samuel Jackson), 1749-1814.",1
"Griffith, Mrs. (Elizabeth), 1720?-1793.",1
"Addison, Joseph, 1672-1719.",1
"Cumberland, Richard, 1732-1811.",1
"Addison, Joseph, 1672-1719.",1
"Shakespeare, William, 1564-1616",1
"Defoe, Daniel, attributed name. 1661?-1731,",1
"Pulteney, Richard, 1730-1801.",1
"Pope, Alexander, 1688-1744.",1
"Carleton, George, fl. 1728.",1
"Defoe, Daniel, attributed name. 1661?-1731,",1
"Johnstone, Charles, 1719?-1800?",1
"Brooke, Frances, 1724?-1789.",1
"Gilpin, William, 1724-1804.",1
"Abbot, George, 1562-1633.",1
"Crane, John, physician at Dorchester.",1
"Goldsmith, Oliver, 1730?-1774.",1
"Hayley, William, 1745-1820.",1
"Cunningham, John, brewer.",1
"Gaskell, Elizabeth Cleghorn, 1810-1865",1
"Pennant, Thomas, 1726-1798.",1
"Kipling, Rudyard, 1865-1936",1
"Mead, Richard, 1673-1754.",1
"Hawkesworth, John, 1715?-1773.",1
"Duck, Stephen, 1705-1756.",1
"Macklin, Charles, 1697?-1797.",1
"Burney, Fanny, 1752-1840.",1
"Hardy, Thomas, 1840-1928",1
"Inchbald, Mrs., 1753-1821.",1
"Burke, Edmund, 1729-1797.",1
"Goldsmith, Oliver, 1730?-1774.",1
"Pratt, Mr. (Samuel Jackson), 1749-1814.",1
"Clare, Peter, 1738-1786.",1
"Trusler, John, 1735-1820.",1
"Holman, J. G. (Joseph George), 1764-1817.",1
"Hawthorne, Nathaniel, 1804-1864",1
"Arbuthnot, John, 1667-1735.",1
(unknown),1
"Donovan, E. (Edward), 1768-1837.",1
"Defoe, Daniel, 1661?-1731.",1
"Defoe, Daniel, 1661?-1731.",1
"Hayley, William, 1657-1715.",1
"O'Keeffe, John, 1747-1833.",1
"Holcroft, Thomas, 1745-1809.",1
"Paine, Thomas, 1737-1809.",1
"Griffith, Mrs. (Elizabeth), 1720?-1793.",1
"Davies, John, 1567-1644.",1
"Hoare, Prince, 1755-1834.",1
"Defoe, Daniel, 1661?-1731.",1
"Carey, Henry, 1687?-1743.",1
"Brown, Sarah, fl. 1777-1779.",1
"Kipling, Rudyard, 1865-1936",1
"Pennant, Thomas, 1726-1798.",1
"Berkeley, George, 1685-1753.",1
"Savage, Richard, d. 1743.",1
"More, Hannah, 1745-1833.",1
"Sterne, Laurence, 1713-1768",1
"Tennyson, Alfred Tennyson, Baron, 1809-1892",1
"Lloyd, Robert, 1733-1764.",1
"Lloyd, Robert, 1733-1764.",1
"Arbuthnot, John, 1667-1735.",1
"Pope, Alexander, 1688-1744.",1
"Reed, Joseph, 1723-1787.",1
"Browne, Thomas, Sir, 1605-1682",1
"Mendez, Moses, d. 1758.",1
"Kipling, Rudyard, 1865-1936",1
"Dampier, William, 1652-1715.",1
"Dibdin, Charles, 1745-1814.",1
"Morton, Thomas, 1764-1838.",1
"Home, Everard, Sir, 1756-1832.",1
"Francklin, Thomas, 1721-1784.",1
"Hull, Thomas, 1728-1808.",1
"Glover, Richard, 1712-1785.",1
"Douglas, Robert, Sir, 1694-1770.",1
"Kipling, Rudyard, 1865-1936",1
"Cowley, Mrs. (Hannah), 1743-1809.",1
"Cumberland, Richard, 1732-1811.",1
"O'Keeffe, John, 1747-1833.",1
"Macpherson, James, 1736-1796.",1
"Gerard, Alexander, 1728-1795.",1
"Pilon, Frederick, 1750-1788.",1
"Gray, Thomas, 1716-1771.",1
"Jerningham, Mr. (Edward), 1737?-1812.",1
"Monro, Alexander, 1733-1817.",1
"Sterne, Laurence, 1713-1768.",1
"Sharp, Granville, 1735-1813.",1
"Shakespeare, William, 1564-1616",1
"Kipling, Rudyard, 1865-1936",1
"Defoe, Daniel, 1661?-1731.",1
"Mason, William, 1725-1797.",1
"Griffith, Mrs. (Elizabeth), 1720?-1793.",1
"O'Keeffe, John, 1747-1833.",1
"Holcroft, Thomas, 1745-1809.",1
"Trusler, John, 1735-1820.",1
"Addison, Joseph, 1672-1719.",1
"More, Hannah, 1745-1833.",1
"Thomson, James, 1700-1748.",1
"Delap, J. (John), 1725-1812.",1
"Trusler, John, 1735-1820.",1
"MacNally, Leonard, 1752-1820.",1
"Warton, Thomas, 1728-1790.",1
"Psalmanazar, George, 1679?-1763.",1
"More, Hannah, 1745-1833.",1
"Crawford, George, fl. 1710.",1
"Hutchinson, William, 1732-1814.",1
"Craven, Elizabeth Craven, Baroness, 1750-1828.",1
"Shakespeare, William, 1564-1616",1
"Melville, Herman, 1819-1891",1
"Arbuthnot, John, 1667-1735.",1
"Glover, Richard, 1712-1785.",1
Great Britain. Sovereign (1760-1820 : George III),1
"Kenrick, W. (William), 1725?-1779.",1
"Gibbon, Edward, 1737-1794.",1
"Shakespeare, William, 1564-1616",1
"Burke, Edmund, 1729-1797.",1
"Hoole, John, 1727-1803.",1
(unknown),1
"Moore, Edward, 1712-1757.",1
"Wright, Mrs.,",1
"Shakespeare, William, 1564-1616",1
"Anderson, John, ca. 1730-1804.",1
"Jefferson, Thomas, 1743-1826",1
"Francis, Philip, Sir, 1740-1818.",1
"Gentleman, Francis, 1728-1784.",1
"Kenrick, W. (William), 1725?-1779.",1
"Pope, Alexander, 1688-1744.",1
"Defoe, Daniel, 1661?-1731.",1
"Hill, Aaron, 1685-1750.",1
"Shelley, Mary Wollstonecraft, 1797-1851",1
"Alcott, Louisa May, 1832-1888",1
"Dibdin, Charles, 1745-1814.",1
"Wallis, John, 1714-1793.",1
"Shakespeare, William, 1564-1616",1
"Goldsmith, Oliver, 1730?-1774.",1
"Pennant, Thomas, 1726-1798.",1
"Dodsley, Robert, 1703-1764.",1
"Smith, Charlotte Turner, 1749-1806.",1
"Pearch, G.",1
"Donovan, E. (Edward), 1768-1837.",1
"Burney, Fanny, 1752-1840.",1
"Cotton, Nathaniel, 1705-1788.",1
"Smith, Charlotte Turner, 1749-1806.",1
"Pulteney, Richard, 1730-1801.",1
"Smith, Adam, 1723-1790.",1
"Musgrave, Samuel, 1732-1780.",1
"Gaskell, Elizabeth Cleghorn, 1810-1865",1
"Edgeworth, Maria, 1767-1849.",1
"Brand, John, d. 1808.",1
"Trusler, John, 1735-1820.",1
"Macpherson, James, 1736-1796.",1
"Gibbon, Edward, 1737-1794",1
"Kipling, Rudyard, 1865-1936",1
(unknown),1
"Hutchinson, William, 1732-1814.",1
"Pratt, Mr. (Samuel Jackson), 1749-1814.",1
"Gentleman, Francis, 1728-1784.",1
"Reed, Joseph, 1723-1787.",1
"Jerningham, Mr. (Edward), 1737?-1812.",1
"Andrews, Miles Peter, d. 1814.",1
"Cowley, Mrs. (Hannah), 1743-1809.",1
"Merry, Robert, 1755-1798.",1
"Leland, Thomas, 1722-1785.",1
"Goldsmith, Oliver, 1730?-1774.",1
"Theobald, Mr. (Lewis), 1688-1744.",1
"Shaw, Peter, 1694-1763.",1
"Shakespeare, William, 1564-1616",1
"Pope, Alexander, 1688-1744.",1
"Defoe, Daniel, 1661?-1731.",1
"Ritson, Joseph, 1752-1803.",1
"Trusler, John, 1735-1820.",1
"Arbuthnot, John, 1667-1735.",1
"Savage, Richard, d. 1743.",1
"Lennox, Charlotte, ca. 1729-1804.",1
"Goldsmith, Oliver, 1730?-1774.",1
"Goldsmith, Oliver, 1730?-1774.",1
"Williams, Helen Maria, 1762-1827.",1
"Sterne, Laurence, 1713-1768.",1
"Centlivre, Susanna, 1667?-1723.",1
"Defoe, Daniel, 1661?-1731.",1
"Burgoyne, John, 1722-1792.",1
"Dyer, John, d. 1729.",1
"Goldsmith, Oliver, 1730?-1774.",1
"Dampier, William, 1652-1715.",1
"Kenrick, W. (William), 1725?-1779.",1
"Hull, Thomas, 1728-1808.",1
"Bentley, R. (Richard), 1708-1782.",1
"Jerningham, Mr. (Edward), 1737?-1812.",1
"Paine, Thomas, 1737-1809.",1
"Hume, David, 1711-1776.",1
"Kenrick, W. (William), 1725?-1779.",1
"Thelwall, John, 1764-1834.",1
"Defoe, Daniel, 1661?-1731.",1
Newcastle upon Tyne (England). Dispensary.,1
"Sharp, Granville, 1735-1813.",1
"Pope, Alexander, 1688-1744.",1
"Gray, Thomas, 1716-1771.",1
"Boswell, James, 1740-1795.",1
"Congreve, William, 1670-1729.",1
"Cibber, Theophilus, 1703-1758.",1
"Jardine, Alexander, d. 1799.",1
"Lennox, Charlotte, ca. 1729-1804.",1
"Stedman, John Gabriel, 1744-1797.",1
"More, Hannah, 1745-1833.",1
"Richardson, Samuel, 1689-1761.",1
"Dibdin, Charles, 1745-1814.",1
"Dodsley, Robert, 1703-1764.",1
"Kames, Henry Home, Lord, 1696-1782.",1
"Murphy, Arthur, 1727-1805.",1
"Shakespeare, William, 1564-1616",1
"London, Jack, 1876-1916",1
"Hayley, William, 1745-1820.",1
"Waldron, F. G. (Francis Godolphin), 1744-1818.",1
"Shakespeare, William, 1564-1616",1
"Hull, Thomas, 1728-1808.",1
Late pupil of Dr. Leake's.,1
"Defoe, Daniel, 1661?-1731.",1
"MacNally, Leonard, 1752-1820.",1
"Pope, Alexander, 1688-1744.",1
"Dibdin, Charles, 1745-1814.",1
"Lennox, Charlotte, ca. 1729-1804.",1
"Pope, Alexander, 1688-1744.",1
"Kipling, Rudyard, 1865-1936",1
"O'Keeffe, John, 1747-1833.",1
"Goldsmith, Oliver, 1730?-1774.",1
"Sharp, Granville, 1735-1813.",1
"Flower, Henry.",1
"Marat, Jean Paul, 1743-1793.",1
"Dibdin, Charles, 1745-1814.",1
"Goldsmith, Oliver, 1730?-1774.",1
"Owen, Wilfred, 1893-1918",1
"Hogarth, William, 1697-1764.",1
"Dodsley, Robert, 1703-1764.",1
"Paley, William, 1743-1805.",1
"Ritson, Joseph, 1752-1803.",1
"Centlivre, Susanna, 1667?-1723.",1
"Hayley, William, 1745-1820.",1
"Smollett, Tobias George, 1721-1771.",1
"Lawrence, D.H. (David Herbert), 1885-1930",1
"Jonson, Ben, 1573?-1637",1
"Gilpin, William, 1724-1804.",1
"Warton, Joseph, 1722-1800.",1
"Tickell, Richard, 1751-1793.",1
"Trollope, Anthony, 1815-1882",1
"Pennant, Thomas, 1726-1798.",1
"Ritson, Joseph, 1752-1803.",1
"Jonson, Ben, 1573?-1637",1
"Dodsley, Robert, 1703-1764.",1
"Kames, Henry Home, Lord, 1696-1782.",1
"Bickerstaff, Isaac, 1735-1812.",1
"Pope, Alexander, 1688-1744.",1
"More, Hannah, 1745-1833.",1
"Berkeley, George, 1733-1795.",1
"Centlivre, Susanna, 1667?-1723.",1
"Shakespeare, William, 1564-1616",1
"Defoe, Daniel, 1661?-1731.",1
"Jerningham, Mr. (Edward), 1737?-1812.",1
"Kipling, Rudyard, 1865-1936",1
"Fawkes, Francis, 1720-1777.",1
"Woty, William, 1731?-1791.",1
"Aulnoy, Madame d' (Marie-Catherine), 1650 or 51-1705.",1
"Hayley, William, 1745-1820.",1
"Crane, Stephen, 1871-1900",1
"Home, John, 1722-1808.",1
"Barker, John, b. 1730.",1
"Pratt, Mr. (Samuel Jackson), 1749-1814.",1
"Burke, Edmund, 1729-1797.",1
"Francis, Philip, Sir, 1740-1818.",1
"Bickerstaff, Isaac, 1735-1812.",1
"Jerningham, Mr. (Edward), 1737?-1812.",1
"Goldsmith, Oliver, 1730?-1774.",1
"Kenrick, W. (William), 1725?-1779.",1
"Johnstone, Charles, 1719?-1800?",1
"Donovan, E. (Edward), 1768-1837.",1
"Blair, Hugh, 1718-1800.",1
"Sharp, Granville, 1735-1813.",1
"Fielding, Henry, 1707-1754.",1
"Vaughan, Rice",1
"Kames, Henry Home, Lord, 1696-1782.",1
"Gentleman, Francis, 1728-1784.",1
"Dease, William, 1752?-1798.",1
"Cayley, George, Sir, 1773-1857",1
"Irving, Washington, 1783-1859",1
"Buffon, Georges Louis Leclerc, comte de, 1707-1788.",1
"Dennis, John, 1657-1734.",1
"Hume, David, 1711-1776.",1
"Puttenham, George, d. 1590",1
"Chetwood, W. R. (William Rufus), d. 1766.",1
"Smith, Adam, 1723-1790.",1
"Cobb, James, 1756-1818.",1
"Thomson, James, 1700-1748.",1
"Defoe, Daniel, 1661?-1731.",1
"Hayley, William, 1745-1820.",1
"Sharp, Granville, 1735-1813.",1
Homer.,1
"Ovid, 43 B.C.-17 or 18 A.D.",1
"Glover, Richard, 1712-1785.",1
"Burke, Edmund, 1729-1797.",1
"Defoe, Daniel, 1661?-1731",1
"Lloyd, Robert, 1733-1764.",1
"O'Keeffe, John, 1747-1833.",1
"Mason, William, 1719-1791.",1
"Murphy, Arthur, 1727-1805.",1
"Fielding, Henry, 1707-1754",1
"Kelly, Ebenezer Beriah, b. 1783",1
"Downman, Hugh, 1740-1809.",1
"Hull, Thomas, 1728-1808.",1
"Edwards, Jonathan, 1703-1758",1
"Lennox, Charlotte, ca. 1729-1804.",1
"Thomson, James, 1700-1748.",1
"Mendez, Moses, d. 1758.",1
"Hayley, William, 1745-1820.",1
"Pilon, Frederick, 1750-1788.",1
"Francis, Philip, Sir, 1740-1818.",1
"Garrick, David, 1717-1779.",1
"Richardson, Samuel, d. 1805.",1
"Griffith, Mrs. (Elizabeth), 1720?-1793.",1
"Mendez, Moses, d. 1758.",1
"Pratt, Mr. (Samuel Jackson), 1749-1814.",1
"More, Hannah, 1745-1833.",1
"Donaldson, J. (John), 1737-1801.",1
"Hume, David, 1711-1776.",1
"Gentleman, Francis, 1728-1784.",1
"Burke, Edmund, 1729-1797.",1
"Fawkes, Francis, 1720-1777.",1
"Woty, William, 1731?-1791.",1
"Dennis, John, 1657-1734.",1
"Shiells, Robert, d. 1753.",1
"Sterne, Laurence, 1713-1768",1
"Orczy, Baroness Emmuska, 1865-1947",1
"Kenrick, W. (William), 1725?-1779.",1
"Told, Silas, 1711-1779.",1
"Defoe, Daniel, 1661?-1731.",1
"Gibbon, Edward, 1737-1794.",1
"Defoe, Daniel, 1661?-1731.",1
"Lloyd, Robert, 1733-1764.",1
"Brown, John, 1715-1766.",1
"Randolph, Mary, 1762-1828",1
"Kipling, Rudyard, 1865-1936",1
"Sterne, Laurence, 1713-1768.",1
"Inchbald, Mrs., 1753-1821.",1
"Burke, William, 1730-1798.",1
"Rowe, Nicholas, 1674-1718.",1
"Hume, David, 1711-1776.",1
"Aulnoy, Madame d' (Marie-Catherine), 1650 or 51-1705.",1
"Armstrong, John, 1709-1779.",1
"Beilby, Ralph, 1743-1817.",1
"Brand, John, d. 1808.",1
"Hull, Thomas, 1728-1808.",1
"Cowley, Mrs. (Hannah), 1743-1809.",1
"Radcliffe, Ann Ward, 1764-1823.",1
"Dennis, John, 1657-1734.",1
"Kemble, John Philip, 1757-1823.",1
"Garrick, David, 1717-1779.",1
