author_name,title_counts
"(Westminster, Confraternity of St. Cornelius)?",1
A. B.?,11
"Abbot, George, 1562-1633.?",11
"Abbot, Robert, 1560-1618.?",12
"Adams, Thomas, fl. 1612-1653.?",24
Aesop.?,3
Aesop.?,1
"Ainsworth, Henry, 1571-1622??",12
"Ainsworth, Henry, 1571-1622??",17
"Ainsworth, Henry, 1571-1622??",16
"Albemarle, George Monck, Duke of, 1608-1670.?",30
"Alcock, John, 1430-1500.?",8
"Alcock, John, 1430-1500.?",2
"Alexis, Guillaume, d. 1468??",1
"Allen, William, 1532-1594.?",7
"Allestree, Richard, 1619-1681.?",13
"Allestree, Richard, 1619-1681.?",33
"Allestree, Richard, 1619-1681.?",45
"Allestree, Richard, 1619-1681.?",20
"Allestree, Richard, 1619-1681.?",10
"Allestree, Richard, 1619-1681.?",21
"Allestree, Richard, fl. 1617-1643.?",12
"Allix, Pierre, 1641-1717.?",10
"Alsoppe, Thomas.?",1
"Ames, Richard, d. 1693.?",13
"Ames, Richard, d. 1693.?",15
"Ames, William, 1576-1633.?",10
"Andrewes, John, fl. 1615.?",10
"Andrewes, Lancelot, 1555-1626.?",19
"Andrewes, Lancelot, 1555-1626.?",14
"Andrewes, Lancelot, 1555-1626.?",11
"Andrews, William, ca. 1635-1713.?",14
Anonymous?,39
Anonymous?,164
Anonymous?,86
Anonymous?,420
Anonymous?,236
Anonymous?,186
Anonymous?,422
Anonymous?,505
Anonymous?,1616
Anonymous?,4525
Anonymous?,2265
Anonymous?,2246
Anonymous?,1780
Anonymous?,2670
Anonymous?,3191
Anonymous?,3287
Anonymous?,2477
Anonymous?,1747
Aristotle.?,1
"Arnold, Richard, d. 1521??",1
"Arnold, Richard, d. 1521??",1
"Ascham, Roger, 1515-1568.?",8
"Askew, Anne, 1521-1546.?",5
"Askham, Anthony, fl. 1553.?",16
"Augustine, Saint, Bishop of Hippo.?",3
"Awdelay, John, fl. 1559-1577.?",6
B. G.?,6
"Bîhme, Jakob, 1575-1624.?",18
"Bîhme, Jakob, 1575-1624.?",15
"Babington, Gervase, 1550-1610.?",10
"Bacon, Francis, 1561-1626.?",19
"Bacon, Francis, 1561-1626.?",17
"Bacon, Francis, 1561-1626.?",20
"Bacon, Francis, 1561-1626.?",27
"Bacon, Francis, 1561-1626.?",13
"Bacon, Francis, 1561-1626.?",17
"Bacon, Francis, 1561-1626.?",10
"Bagshaw, Edward, 1629-1671.?",20
"Baker, Richard, Sir, 1568-1645.?",10
"Baldwin, William, ca. 1518-1563??",7
"Baldwin, William, ca. 1518-1563??",6
"Bale, John, 1495-1563.?",28
"Baley, Walter, 1529-1592.?",6
"Ball, John, 1585-1640.?",12
"Ball, John, 1585-1640.?",13
"Bancroft, Richard, 1544-1610.?",6
"Barclay, Alexander, 1475?-1552.?",4
"Barclay, Robert, 1648-1690.?",11
"Barlow, William, d. 1613.?",16
"Barrow, Henry, 1550?-1593.?",7
"Barrow, Isaac, 1630-1677.?",10
"Barrow, Isaac, 1630-1677.?",10
"Bartholomaeus, Anglicus, 13th cent.?",2
"Bates, William, 1625-1699.?",10
"Bates, William, 1625-1699.?",10
"Baxter, Richard, 1615-1691.?",22
"Baxter, Richard, 1615-1691.?",70
"Baxter, Richard, 1615-1691.?",41
"Baxter, Richard, 1615-1691.?",46
"Baxter, Richard, 1615-1691.?",48
"Baxter, Richard, 1615-1691.?",27
"Baxter, Richard, 1615-1691.?",16
"Bayly, Lewis, d. 1631.?",25
"Bayly, Lewis, d. 1631.?",10
"Bayly, William, d. 1675.?",21
"Baynes, Paul, d. 1617.?",16
"Beaumont, Francis, 1584-1616.?",11
"Beaumont, Francis, 1584-1616.?",10
"Beaumont, Francis, 1584-1616.?",10
"Becon, Thomas, 1512-1567.?",40
"Becon, Thomas, 1512-1567.?",29
"Becon, Thomas, 1512-1567.?",7
"Behn, Aphra, 1640-1689.?",20
"Behn, Aphra, 1640-1689.?",21
"Behn, Aphra, 1640-1689.?",11
"Behn, Aphra, 1640-1689.?",17
"Bell, Thomas, fl. 1593-1610.?",20
"Benedict, Saint, Abbot of Monte Cassino.?",1
"Bentley, Richard, 1662-1742.?",38
"Bernard, of Clairvaux, Saint, 1090 or 91-1153.?",2
"Bernard, of Clairvaux, Saint, 1090 or 91-1153.?",1
"Bernard, of Clairvaux, Saint, 1090 or 91-1153.?",5
"Bernard, Richard, 1568-1641.?",11
"Bernard, Richard, 1568-1641.?",14
"Bernard, Richard, 1568-1641.?",30
"Bernard, Richard, 1568-1641.?",13
"Bernardino, da Siena, Saint, 1380-1444.?",3
"Bernardino, da Siena, Saint, 1380-1444.?",1
"Berners, Juliana, b. 1388??",2
"Berners, Juliana, b. 1388??",1
"Berners, Juliana, b. 1388??",6
"Betson, Thomas.?",1
"Beveridge, William, 1637-1708.?",10
"Beverley, Thomas.?",23
"Beverley, Thomas.?",30
"Bishop, George, d. 1668.?",21
"Blackall, Offspring, 1654-1716.?",17
"Blount, Charles, 1654-1693.?",10
"Blount, Thomas, 1618-1679.?",12
"Blundeville, Thomas, fl. 1561.?",7
"Boccaccio, Giovanni, 1313-1375.?",1
"Boccaccio, Giovanni, 1313-1375.?",2
"Boethius, d. 524.?",1
"Bold, S. 1649-1737.?",10
"Bolton, Robert, 1572-1631.?",23
"Bomelius, Henricus, 1500?-1570.?",7
"Bonde, William, fl. 1526-27.?",3
"Bonner, Edmund, 1500?-1569.?",21
"Booker, John, 1603-1667.?",14
"Booker, John, 1603-1667.?",14
"Boorde, Andrew, 1490?-1549.?",10
"Bossuet, Jacques BÇnigne, 1627-1704.?",12
"Bourne, William, d. 1583.?",7
"Boyle, Robert, 1627-1691.?",30
"Boyle, Robert, 1627-1691.?",30
"Boyle, Robert, 1627-1691.?",19
"Boyle, Robert, 1627-1691.?",19
"Boyle, Robert, 1627-1691.?",12
"Boys, John, 1571-1625.?",16
"Boys, John, 1571-1625.?",21
"Bradford, John, 1510?-1555.?",7
"Bradford, John, 1510?-1555.?",10
"Bradford, Samuel, 1652-1731.?",15
"Bradshaw, Henry, d. 1513.?",3
"Bradshaw, William, 1571-1618.?",12
"Brady, Nicholas, 1659-1726.?",15
"Bramhall, John, 1594-1663.?",10
"Brant, Sebastian, 1458-1521.?",2
"Brant, Sebastian, 1458-1521.?",1
"Brathwaite, Richard, 1588?-1673.?",14
"Brathwaite, Richard, 1588?-1673.?",15
"Brathwaite, Richard, 1588?-1673.?",11
"Bray, Thomas, 1658-1730.?",11
"Bray, Thomas, 1658-1730.?",19
"Brayne, John.?",12
"Breton, Nicholas, 1545?-1626??",50
"Breton, Nicholas, 1545?-1626??",25
"Breton, Nicholas, 1545?-1626??",24
"Bridge, William, 1600?-1670.?",11
"Brightman, Thomas, 1562-1607.?",12
"Brinkelow, Henry, d. 1546.?",9
"Brinsley, John, fl. 1581-1624.?",12
"Brinsley, John, fl. 1581-1624.?",13
"Briscoe, John, fl. 1695.?",19
"Bristol, George Digby, Earl of, 1612-1677.?",19
"Brooks, Thomas, 1608-1680.?",20
"Brooks, Thomas, 1608-1680.?",24
"Brooks, Thomas, 1608-1680.?",10
"Broughton, Hugh, 1549-1612.?",14
"Broughton, Hugh, 1549-1612.?",55
"Brown, Thomas, 1663-1704.?",16
"Browne, Daniel, fl. 1614-1631.?",11
"Brunschwig, Hieronymus, ca. 1450-ca. 1512.?",4
"Bäze, ThÇodore de, 1519-1605.?",25
"Bäze, ThÇodore de, 1519-1605.?",14
"Bugg, Francis, 1640-1724??",16
"Bugg, Francis, 1640-1724??",17
"Bullein, William, d. 1576.?",7
"Bullinger, Heinrich, 1504-1575.?",24
"Bullinger, Heinrich, 1504-1575.?",16
"Bullord, John.?",16
"Bullord, John.?",19
"Bunny, Edmund, 1540-1619.?",8
"Bunyan, John, 1628-1688.?",13
"Bunyan, John, 1628-1688.?",20
"Bunyan, John, 1628-1688.?",28
"Bunyan, John, 1628-1688.?",22
"Bunyan, John, 1628-1688.?",20
"Bunyan, John, 1628-1688.?",13
"Burges, Cornelius, 1589?-1665.?",12
"Burgess, Daniel, 1645-1713.?",10
"Burgess, Daniel, 1645-1713.?",15
"Burghley, William Cecil, Baron, 1520-1598.?",7
"Burnet, Gilbert, 1643-1715.?",10
"Burnet, Gilbert, 1643-1715.?",22
"Burnet, Gilbert, 1643-1715.?",49
"Burnet, Gilbert, 1643-1715.?",97
"Burnet, Gilbert, 1643-1715.?",26
"Burnet, Gilbert, 1643-1715.?",10
"Burrough, Edward, 1634-1662.?",61
"Burroughs, Jeremiah, 1599-1646.?",12
"Burroughs, Jeremiah, 1599-1646.?",22
"Burroughs, Jeremiah, 1599-1646.?",14
"Burton, Henry, 1578-1648.?",31
"Burton, Henry, 1578-1648.?",19
"Burton, William, d. 1616.?",6
"Burton, William, d. 1616.?",10
"Bush, Paul, 1490-1558.?",1
"Butler, Samuel, 1612-1680.?",18
"Byfield, Nicholas, 1579-1622.?",25
"Byfield, Nicholas, 1579-1622.?",22
"Calamy, Benjamin, 1642-1686.?",11
"Calamy, Edmund, 1600-1666.?",10
"Calamy, Edmund, 1600-1666.?",13
"Calderwood, David, 1575-1650.?",10
"Calvin, Jean, 1509-1564.?",20
"Calvin, Jean, 1509-1564.?",44
"Calvin, Jean, 1509-1564.?",29
"Camden, William, 1551-1623.?",17
"Caoursin, Guillaume, d. 1501.?",1
"Care, Henry, 1646-1688.?",18
"Caryl, Joseph, 1602-1673.?",16
"Catharine Parr, Queen, consort of Henry VIII, King of England, 1512-1548.?",13
Catholic Church. Pope (1389-1404 : Boniface IX)?,1
Catholic Church. Pope (1389-1404 : Boniface IX)?,1
Catholic Church. Pope (1484-1492 : Innocent VIII)?,1
Catholic Church. Pope (1492-1503 : Alexander VI)?,1
Catholic Church. Pope (1503-1513 : Julius II)?,2
Catholic Church. Pope (1513-1521 : Leo X)?,7
Catholic Church.?,3
Catholic Church.?,2
Catholic Church.?,3
Catholic Church.?,40
"Cave, William, 1637-1713.?",11
"Caxton, William, ca. 1422-1491.?",1
"Chamberlayne, Edward, 1616-1703.?",16
"Chamberlayne, Edward, 1616-1703.?",11
"Chamberlen, Hugh.?",19
"Chapman, George, 1559?-1634.?",22
"Charles I, King of England, 1600-1649.?",20
"Charles I, King of England, 1600-1649.?",16
"Charles II, King of England, 1630-1685.?",11
"Charles II, King of England, 1630-1685.?",17
"Chartier, Alain, 15th cent.?",1
"Chaucer, Geoffrey, d. 1400.?",9
"Chaucer, Geoffrey, d. 1400.?",5
"Chaucer, Geoffrey, d. 1400.?",8
"Christine, de Pisan, ca. 1364-ca. 1431.?",2
"Christine, de Pisan, ca. 1364-ca. 1431.?",2
Church of England. Province of Canterbury. Archbishop (1559-1575 : Parker)?,7
Church of England. Province of Canterbury. Archbishop (1633-1645 : Laud)?,12
Church of England.?,138
Church of England.?,87
Church of England.?,45
Church of England.?,76
Church of England.?,53
Church of England.?,137
Church of England.?,42
Church of England.?,45
Church of England.?,40
Church of England.?,47
Church of England.?,78
Church of England.?,48
Church of England.?,46
Church of England.?,20
Church of Scotland. General Assembly. Commission.?,19
Church of Scotland. General Assembly. Commission.?,44
Church of Scotland. General Assembly.?,27
Church of Scotland. General Assembly.?,36
Church of Scotland.?,12
Church of Scotland.?,12
Church of Scotland.?,14
"Churchyard, Thomas, 1520?-1604.?",6
"Churchyard, Thomas, 1520?-1604.?",19
"Churchyard, Thomas, 1520?-1604.?",10
"Cicero, Marcus Tullius.?",2
"Cicero, Marcus Tullius.?",8
"Cicero, Marcus Tullius.?",9
City of London (England). Court of Common Council.?,8
City of London (England). Court of Common Council.?,23
City of London (England). Court of Common Council.?,16
City of London (England). Court of Common Council.?,14
City of London (England). Court of Common Council.?,13
City of London (England). Lord Mayor.?,10
City of London (England).?,6
City of London (England).?,24
City of London (England).?,14
City of London (England).?,10
"Clagett, William, 1646-1688.?",13
"Clapham, Henoch.?",24
"Clarke, Samuel, 1599-1682.?",21
"Clarke, Samuel, 1599-1682.?",11
"Claude, Jean, 1619-1687.?",11
"Clere-Ville, BartholomÇ de.?",1
"Cleveland, John, 1613-1658.?",23
"Cleveland, John, 1613-1658.?",13
"Coale, Josiah, 1632?-1668.?",10
"Cocker, Edward, 1631-1675.?",10
"Cocker, Edward, 1631-1675.?",11
"Cocker, Edward, 1631-1675.?",11
"Coke, Edward, Sir, 1552-1634.?",11
"Coke, Edward, Sir, 1552-1634.?",20
"Colbatch, John, Sir, 1670-1729.?",12
"Coles, Elisha, 1640?-1680.?",16
"Colet, John, 1467?-1519.?",5
"Colledge, Stephen, 1635?-1681.?",11
"Collier, Jeremy, 1650-1726.?",13
"Collier, Thomas, fl. 1691.?",21
"Collinges, John, 1623-1690.?",20
"Comber, Thomas, 1645-1699.?",14
"Comber, Thomas, 1645-1699.?",19
"Comber, Thomas, 1645-1699.?",21
Company of Scotland Trading to Africa and the Indies.?,19
Company of Scotland Trading to Africa and the Indies.?,14
"CondÇ, Louis, prince de, 1530-1569.?",6
"Confraternity of St. John (Beverley, England)?",1
"Congreve, William, 1670-1729.?",23
"Constable, John, epigrammatist.?",1
"Cooke, Alexander, 1564-1632.?",11
"Cooper, Thomas, 1517?-1594.?",8
"Cooper, Thomas, fl. 1626.?",12
"Copland, Robert, fl. 1508-1547.?",1
"Cosin, Richard, 1549?-1597.?",8
"Cotton, Charles, 1630-1687.?",11
"Cotton, Clement.?",11
"Cotton, John, 1584-1652.?",19
"Cotton, John, 1584-1652.?",23
"Cotton, John, 1584-1652.?",12
"Cotton, Robert, Sir, 1571-1631.?",11
"Coverdale, Miles, 1488-1568.?",6
"Cowley, Abraham, 1618-1667.?",11
"Cowper, William, 1568-1619.?",19
"Cowper, William, 1568-1619.?",16
"Cranmer, Thomas, 1489-1556.?",11
"Crimsal, Richard.?",26
"Croft, Herbert, 1603-1691.?",14
"Crofton, Zachary, 1625 or 6-1672.?",16
"Cromwell, Oliver, 1599-1658.?",25
"Crook, John, 1617-1699.?",15
"Crook, John, 1617-1699.?",12
"Crowley, Robert, 1518?-1588.?",12
"Crowley, Robert, 1518?-1588.?",8
"Crown, Mr. 1640?-1712.?",10
"Culpeper, Nicholas, 1616-1654.?",16
"Culpeper, Nicholas, 1616-1654.?",18
"Culpeper, Nicholas, 1616-1654.?",13
"Culpeper, Nicholas, 1616-1654.?",10
"Culverwell, Ezekiel, 1553 or 4-1631.?",11
"Culverwell, Ezekiel, 1553 or 4-1631.?",10
"Curteys, Richard, 1532?-1582.?",6
"Cyprian, Saint, Bishop of Carthage.?",5
D. B. fl. 1650-1660.?,12
D. W.?,16
"Dade, William.?",10
"Dade, William.?",12
"Dangerfield, Thomas, 1650?-1685.?",11
"Daniel, Samuel, 1562-1619.?",24
"Davies, John, 1565?-1618.?",13
"Davies, John, Sir, 1569-1626.?",12
"De Laune, Thomas, d. 1685.?",10
"Defoe, Daniel, 1661?-1731.?",18
"Dekker, Thomas, ca. 1572-1632.?",42
"Dekker, Thomas, ca. 1572-1632.?",15
"Dekker, Thomas, ca. 1572-1632.?",14
"Deloney, Thomas, 1543?-1600.?",6
"Deloney, Thomas, 1543?-1600.?",14
"Denison, John, d. 1629.?",12
"Denison, Stephen, d. 1649 or 50.?",10
"Dent, Arthur, d. 1607.?",15
"Dent, Arthur, d. 1607.?",40
"Dent, Arthur, d. 1607.?",17
"Dent, Arthur, d. 1607.?",19
"Dering, Edward, 1540?-1576.?",37
"Dering, Edward, 1540?-1576.?",34
"Dering, Edward, 1540?-1576.?",13
"Dering, Edward, Sir, 1598-1644.?",21
"Dewsbury, William, 1621-1688.?",11
"Dickson, David, 1583?-1663.?",14
"Digby, Kenelm, Sir, 1603-1665.?",10
"Digges, Leonard, d. 1571??",9
"Digges, Leonard, d. 1571??",6
"Dod, John, 1549?-1645.?",37
"Dod, John, 1549?-1645.?",17
"Dod, John, 1549?-1645.?",14
"Donatus, Aelius.?",1
"Donne, John, 1572-1631.?",16
"Donne, John, 1572-1631.?",22
"Donne, John, 1572-1631.?",10
"Doolittle, Thomas, 1632?-1707.?",10
"Doolittle, Thomas, 1632?-1707.?",10
"Dorrington, Theophilus, d. 1715.?",11
"Dove, John, 1560 or 61-1618.?",11
"Dove, Jonathan.?",13
"Dove, Jonathan.?",10
"Downame, John, d. 1652.?",11
"Downame, John, d. 1652.?",13
"Drayton, Michael, 1563-1631.?",6
"Drayton, Michael, 1563-1631.?",30
"Drayton, Michael, 1563-1631.?",10
"Drummond, William, 1585-1649.?",11
"Dryden, John, 1631-1700.?",29
"Dryden, John, 1631-1700.?",22
"Dryden, John, 1631-1700.?",58
"Dryden, John, 1631-1700.?",39
"Dryden, John, 1631-1700.?",43
"Du Bartas, Guillaume de Salluste, seigneur, 1544-1590.?",17
"Du Moulin, Peter, 1601-1684.?",10
"Du Moulin, Pierre, 1568-1658.?",11
"Du Moulin, Pierre, 1568-1658.?",19
"Du Moulin, Pierre, 1568-1658.?",15
"Duffett, Thomas.?",11
"Dunbar, William, 1460?-1520??",4
"D'Urfey, Thomas, 1653-1723.?",10
"D'Urfey, Thomas, 1653-1723.?",30
"D'Urfey, Thomas, 1653-1723.?",16
"D'Urfey, Thomas, 1653-1723.?",25
"D'Urfey, Thomas, 1653-1723.?",10
"Durham, James, 1622-1658.?",12
"Dury, John, 1596-1680.?",11
"Dury, John, 1596-1680.?",16
"Dyer, William, d. 1696.?",11
"Dyke, Daniel, d. 1614.?",15
"Dyke, Jeremiah, 1584-1639.?",13
"Eachard, John, 1636?-1697.?",11
"Earle, John, 1601?-1665.?",10
"Echard, Laurence, 1670?-1730.?",10
"Edmondes, Clement, Sir, 1566 or 7-1622.?",10
"Edmund, of Abingdon, Saint, Archbishop of Canterbury, ca. 1170-1240.?",3
"Edwards, John, 1637-1716.?",16
"Elderton, William, d. 1592??",8
"Eleanor, Lady, d. 1652.?",45
"Elton, Edward, d. 1624.?",13
"Elyot, Thomas, Sir, 1490?-1546.?",40
"Elyot, Thomas, Sir, 1490?-1546.?",7
"Elys, Edmund, ca. 1634-ca. 1707.?",16
England and Wales. Army. Council.?,24
England and Wales. Army.?,12
England and Wales. Army.?,29
England and Wales. Commissioners of Subsidy.?,3
England and Wales. Council of State.?,14
England and Wales. Council of State.?,10
"England and Wales. Laws, statutes, etc.?",12
England and Wales. Lord Protector (1653-1658 : O. Cromwell)?,58
England and Wales. Lord Protector (1653-1658 : O. Cromwell)?,21
England and Wales. Lords Justices.?,22
England and Wales. Parliament. House of Commons.?,166
England and Wales. Parliament. House of Commons.?,46
England and Wales. Parliament. House of Commons.?,17
England and Wales. Parliament. House of Commons.?,19
England and Wales. Parliament. House of Commons.?,12
England and Wales. Parliament. House of Commons.?,10
England and Wales. Parliament. House of Commons.?,12
England and Wales. Parliament. House of Lords.?,10
England and Wales. Parliament. House of Lords.?,12
England and Wales. Parliament. House of Lords.?,22
England and Wales. Parliament.?,697
England and Wales. Parliament.?,232
England and Wales. Parliament.?,85
England and Wales. Parliament.?,24
England and Wales. Parliament.?,10
England and Wales. Parliament.?,36
England and Wales. Parliament.?,35
England and Wales. Privy Council.?,10
England and Wales. Privy Council.?,14
England and Wales. Privy Council.?,29
England and Wales. Privy Council.?,17
England and Wales. Sovereign (1485-1509 : Henry VII).?,2
England and Wales. Sovereign (1509-1547 : Henry VIII)?,1
England and Wales. Sovereign (1509-1547 : Henry VIII)?,4
England and Wales. Sovereign (1509-1547 : Henry VIII)?,1
England and Wales. Sovereign (1509-1547 : Henry VIII)?,49
England and Wales. Sovereign (1547-1553 : Edward VI)?,52
England and Wales. Sovereign (1553-1558 : Mary I)?,44
England and Wales. Sovereign (1558-1603 : Elizabeth I)?,33
England and Wales. Sovereign (1558-1603 : Elizabeth I)?,168
England and Wales. Sovereign (1558-1603 : Elizabeth I)?,100
England and Wales. Sovereign (1558-1603 : Elizabeth I)?,55
England and Wales. Sovereign (1558-1603 : Elizabeth I)?,73
England and Wales. Sovereign (1603-1625 : James I)?,185
England and Wales. Sovereign (1603-1625 : James I)?,285
England and Wales. Sovereign (1625-1649 : Charles I)?,54
England and Wales. Sovereign (1625-1649 : Charles I)?,274
England and Wales. Sovereign (1625-1649 : Charles I)?,629
England and Wales. Sovereign (1625-1649 : Charles I)?,60
England and Wales. Sovereign (1660-1685 : Charles II)?,170
England and Wales. Sovereign (1660-1685 : Charles II)?,239
England and Wales. Sovereign (1660-1685 : Charles II)?,190
England and Wales. Sovereign (1660-1685 : Charles II)?,84
England and Wales. Sovereign (1685-1688 : James II)?,87
England and Wales. Sovereign (1685-1688 : James II)?,75
England and Wales. Sovereign (1689-1694 : William and Mary)?,115
England and Wales. Sovereign (1689-1694 : William and Mary)?,66
England and Wales. Sovereign (1694-1702 : William III)?,52
England and Wales. Sovereign (1694-1702 : William III)?,30
England and Wales.?,1
England and Wales.?,5
England and Wales.?,6
England and Wales.?,149
England and Wales.?,109
England and Wales.?,32
England and Wales.?,52
England and Wales.?,20
England and Wales.?,13
England and Wales.?,202
England and Wales.?,111
England and Wales.?,86
England and Wales.?,45
England and Wales.?,33
England and Wales.?,22
England and Wales.?,13
England and Wales.?,23
England and Wales.?,18
England. King's Household.?,1
England. Sovereign (1485-1509 : Henry VII)?,1
England. Sovereign (1485-1509 : Henry VII)?,1
England. Sovereign (1509-1547 : Henry VIII)?,2
England. Sovereign (1509-1547 : Henry VIII)?,3
England. Sovereign (1509-1547 : Henry VIII)?,11
England.?,5
England.?,7
England.?,6
England.?,83
England.?,18
"Erasmus, Desiderius, d. 1536.?",4
"Erasmus, Desiderius, d. 1536.?",79
"Erasmus, Desiderius, d. 1536.?",6
Erra Pater.?,6
"Essex, Robert Devereux, Earl of, 1591-1646.?",21
"Evans, Arise, b. 1607.?",10
"Evelyn, John, 1620-1706.?",11
"Evelyn, John, 1620-1706.?",12
"Fabyan, Robert, d. 1513.?",1
"Fabyan, Robert, d. 1513.?",8
"Fairfax, Ferdinando Fairfax, Baron, 1584-1648.?",13
"Fairfax, Thomas Fairfax, Baron, 1612-1671.?",24
"Falkland, Lucius Cary, Viscount, 1610?-1643.?",10
"Featley, Daniel, 1582-1645.?",12
"Fenner, Dudley, 1558?-1587.?",16
"Fenner, William, 1600-1640.?",24
"Fenner, William, 1600-1640.?",13
"Ferguson, Robert, d. 1714.?",19
"Feylde, Thomas.?",1
"Fiennes, Nathaniel, 1607 or 8-1669.?",12
"Filmer, Robert, Sir, d. 1653.?",10
"Fisher, Edward, fl. 1627-1655.?",13
"Fisher, John, Saint, 1469-1535.?",8
"Fisher, John, Saint, 1469-1535.?",7
"Fisher, John, Saint, 1469-1535.?",6
"Fitzherbert, Anthony, Sir, 1470-1538.?",17
"Fitzherbert, Anthony, Sir, 1470-1538.?",11
"Fitzherbert, John, d. 1531.?",3
"Fitzherbert, John, d. 1531.?",20
"Fitzjames, Richard, d. 1522.?",1
"Flavel, John, 1630?-1691.?",11
"Flavel, John, 1630?-1691.?",11
"Flavel, John, 1630?-1691.?",11
"Flecknoe, Richard, d. 1678??",16
"Fowler, Edward, 1632-1714.?",11
"Fox, George, 1624-1691.?",15
"Fox, George, 1624-1691.?",84
"Fox, George, 1624-1691.?",33
"Fox, George, 1624-1691.?",59
"Fox, George, 1624-1691.?",43
"Fox, George, 1624-1691.?",17
"Fox, George, d. 1661.?",29
"Fox, Margaret Askew Fell, 1614-1702.?",13
"Fox, Margaret Askew Fell, 1614-1702.?",11
"Foxe, John, 1516-1587.?",16
France. Sovereign (1574-1589 : Henry III)?,7
France. Sovereign (1589-1610 : Henry IV)?,7
"Franciscan Convent (Ipswich, England)?",1
"Fraunce, Abraham, fl. 1587-1633.?",8
"Frith, John, 1503-1533.?",14
"Froissart, Jean, 1338?-1410??",5
"Fulke, William, 1538-1589.?",24
"Fulke, William, 1538-1589.?",6
"Fuller, Thomas, 1608-1661.?",14
"Fuller, Thomas, 1608-1661.?",32
"Fuller, Thomas, 1608-1661.?",18
"Gadbury, John, 1627-1704.?",12
"Gadbury, John, 1627-1704.?",21
"Gadbury, John, 1627-1704.?",17
"Gadbury, John, 1627-1704.?",10
"Gainsford, Thomas, d. 1624??",10
"Gale, Theophilus, 1628-1678.?",12
"Gardiner, Samuel, b. 1563 or 4.?",10
"Gardiner, Stephen, 1483?-1555.?",14
"Gascoigne, George, 1542?-1577.?",11
"Gataker, Thomas, 1574-1654.?",23
"Gataker, Thomas, 1574-1654.?",15
"Gauden, John, 1605-1662.?",28
"Gauden, John, 1605-1662.?",20
"Gee, Edward, 1657-1730.?",12
"Gerhard, Johann, 1582-1637.?",11
"Geveren, Sheltco Ö.?",6
"Gibbon, Charles, fl. 1589-1604.?",6
"Gifford, George, 1547 or 8-1600.?",24
"Gifford, George, 1547 or 8-1600.?",13
"Gilby, Anthony, ca. 1510-1585.?",5
"Gilden, G., fl. 1615-1632.?",10
"Gildon, Charles, 1665-1724.?",11
"Giles, of Rome, Archbishop of Bourges, ca. 1243-1316.?",1
"Glanvill, Joseph, 1636-1680.?",20
"Glanvill, Joseph, 1636-1680.?",10
"Goeurot, Jean.?",6
"Goodman, John, 1625 or 6-1690.?",15
"Goodwin, Christopher.?",1
"Goodwin, John, 1594?-1665.?",24
"Goodwin, John, 1594?-1665.?",11
"Goodwin, Thomas, 1600-1680.?",16
"Goodwin, Thomas, 1600-1680.?",23
"Goodwin, Thomas, 1600-1680.?",21
"Gother, John, d. 1704.?",18
"Gother, John, d. 1704.?",17
"Gother, John, d. 1704.?",11
"Gouge, Thomas, 1605-1681.?",13
"Gouge, Thomas, 1605-1681.?",15
"Gouge, William, 1578-1653.?",15
"Gower, John, 1325?-1408.?",1
"Grafton, Richard, d. 1572??",14
"Granger, Thomas, b. 1578.?",11
"Grantham, Thomas, 1634-1692.?",10
"Gray, Andrew, 1633-1656.?",12
"Greene, Robert, 1558?-1592.?",50
"Greene, Robert, 1558?-1592.?",24
"Greene, Robert, 1558?-1592.?",16
"Greene, Robert, 1558?-1592.?",14
"Greenham, Richard.?",15
"Grimston, Harbottle, Sir, 1603-1685.?",11
"Gringore, Pierre, ca. 1475-1538??",7
"Grotius, Hugo, 1583-1645.?",10
"Guevara, Antonio de, Bp., d. 1545??",14
"Guevara, Antonio de, Bp., d. 1545??",10
"Guido, of Alet.?",1
"Guild of Our Lady of Scala Coeli (Boston, Lincolnshire, England)?",1
"Guillaume, de Deguileville, 14th cent.?",2
H. R. fl. 1585-1616.?,7
"Haines, Richard, 1633-1685.?",13
"Hale, Matthew, Sir, 1609-1676.?",13
"Hale, Matthew, Sir, 1609-1676.?",15
"Halifax, George Savile, Marquis of, 1633-1695.?",25
"Hall, Joseph, 1574-1656.?",54
"Hall, Joseph, 1574-1656.?",34
"Hall, Joseph, 1574-1656.?",39
"Hall, Joseph, 1574-1656.?",20
"Hall, Joseph, 1574-1656.?",28
"Hall, Joseph, 1574-1656.?",12
"Hammond, Henry, 1605-1660.?",54
"Hammond, Henry, 1605-1660.?",22
"Hammond, Henry, 1605-1660.?",10
"Harding, Thomas, 1516-1572.?",7
"Hardy, Nathaniel, 1618-1670.?",11
"Hardy, Nathaniel, 1618-1670.?",22
"Harington, John, Sir, 1560-1612.?",11
"Harrington, William, d. 1523.?",2
"Harris, Robert, 1581-1658.?",15
"Harris, Robert, 1581-1658.?",30
"Hart, John, D.D.?",24
"Hartlib, Samuel, d. 1662.?",14
"Harvey, Richard, 1560-1623??",9
"Hawes, Stephen, d. 1523??",8
"Hawes, Stephen, d. 1523??",6
"Hayton, Fräre, ca. 1235-ca. 1314.?",1
"Hayward, John, Sir, 1564?-1627.?",15
"Hayward, John, Sir, 1564?-1627.?",11
"Head, Richard, 1637?-1686??",15
"Heath, James, 1629-1664.?",13
"Hemmingsen, Niels, 1513-1600.?",12
"Hendred, William, 1470-1520.?",1
"Henley, Walter de.?",1
"Henry VIII, King of England, 1491-1547.?",4
"Henry VIII, King of England, 1491-1547.?",8
"Henry, the Minstrel, fl. 1470-1492.?",1
Hereford Cathedral. Porch and Chantry Chapel.?,1
"Hexham, Henry, 1585?-1650??",10
"Heylyn, Peter, 1600-1662.?",20
"Heylyn, Peter, 1600-1662.?",20
"Heylyn, Peter, 1600-1662.?",17
"Heylyn, Peter, 1600-1662.?",14
"Heylyn, Peter, 1600-1662.?",10
"Heywood, John, 1497?-1580??",17
"Heywood, John, 1497?-1580??",8
"Heywood, Thomas, d. 1641.?",26
"Heywood, Thomas, d. 1641.?",11
"Heywood, Thomas, d. 1641.?",37
"Heywood, Thomas, d. 1641.?",16
"Hickeringill, Edmund, 1631-1708.?",23
"Hickes, George, 1642-1715.?",23
"Hieron, Samuel, 1576?-1617.?",28
"Hieron, Samuel, 1576?-1617.?",34
"Hieron, Samuel, 1576?-1617.?",19
"Higden, Ranulf, d. 1364.?",6
"Higden, Ranulf, d. 1364.?",2
"Hill, Thomas, b. ca. 1528.?",15
"Hilton, Walter, d. 1396.?",1
"Hilton, Walter, d. 1396.?",1
"Hilton, Walter, d. 1396.?",1
"Hobbes, Thomas, 1588-1679.?",14
"Holinshed, Raphael, d. 1580??",9
"Holles, Denzil Holles, Baron, 1599-1680.?",22
"Hollyband, Claudius, 16th cent.?",13
"Hollyband, Claudius, 16th cent.?",12
"Holte, John, grammarian.?",4
"Honorius, of Autun, ca. 1080-ca. 1156.?",1
"Honorius, of Autun, ca. 1080-ca. 1156.?",1
"Hooker, Richard, 1553 or 4-1600.?",11
"Hooker, Thomas, 1586-1647.?",22
"Hooker, Thomas, 1586-1647.?",10
"Hooper, John, d. 1555.?",22
"Hopton, Arthur, 1587 or 8-1614.?",11
"Horneck, Anthony, 1641-1697.?",14
"Horneck, Anthony, 1641-1697.?",11
"Hospital of St. Katherine (Lincoln, England)?",1
"Hospital of the Holy Ghost (Rome, Italy)?",2
"Howe, John, 1630-1705.?",10
"Howell, James, 1594?-1666.?",17
"Howell, James, 1594?-1666.?",27
"Howell, James, 1594?-1666.?",21
"Howgill, Francis, 1618-1669.?",24
"Hubberthorn, Richard, 1628-1662.?",18
"Huggarde, Miles.?",8
"Humfrey, John, 1621-1719.?",13
"Humfrey, John, 1621-1719.?",10
"Hurault, Michel, d. 1592.?",6
"Hutchins, Edward, 1558?-1629.?",6
"Hutten, Ulrich von, 1488-1523.?",6
"Hutton, Richard, Sir, 1561?-1639.?",12
"Hutton, Richard, Sir, 1561?-1639.?",10
"Hyperius, Andreas, 1511-1564.?",6
"I. B., fl. 1547.?",5
Ireland. Commissioners of the Common-wealth of England for the Affairs of Ireland.?,10
Ireland. Lord Deputy (1622-1629 : Falkland)?,23
Ireland. Lord Deputy (1652-1655 : Fleetwood)?,17
Ireland. Lord Deputy.?,14
Ireland. Lord Lieutenant (1641-1649 : Ormonde)?,10
Ireland. Lord Lieutenant (1661-1669 : Ormonde)?,14
Ireland. Lord Lieutenant (1661-1669 : Ormonde)?,13
Ireland. Lord Lieutenant (1672-1677 : Essex)?,17
Ireland. Lord Lieutenant (1672-1677 : Essex)?,20
Ireland. Lord Lieutenant (1677-1685 : Ormonde)?,25
Ireland. Lord Lieutenant (1692-1695 : Romney)?,13
Ireland. Lord Lieutenant (1695-1696 : Capel)?,12
Ireland. Lords Justices and Council.?,14
Ireland. Lords Justices and Council.?,32
Ireland. Lords Justices and Council.?,57
Ireland. Parliament.?,12
Ireland.?,38
Isocrates.?,6
J. B.?,20
J. C.?,22
J. P. d. 1671??,29
J. S. fl. 1680-1702.?,13
J. S.?,10
J. S.?,14
"Jackson, Thomas, 1579-1640.?",10
"Jacob, Henry, 1563-1624.?",13
"Jacobus, de Cassolis, fl. 1288-1322.?",1
"Jacobus, de Cessolis, fl. 1288-1322?",1
"Jacobus, de Gruytrode, d. 1472?.?",1
"Jacobus, de Gruytrode, d. 1472?.?",4
"Jacobus, de Voragine, ca. 1229-1298.?",4
"Jacobus, de Voragine, ca. 1229-1298.?",4
"Jacobus, de Voragine, ca. 1229-1298.?",3
"James I, King of England, 1566-1625.?",26
"James I, King of England, 1566-1625.?",10
"James II, King of England, 1633-1701.?",23
"James, Elinor.?",12
"Janeway, James, 1636?-1674.?",11
"Janeway, James, 1636?-1674.?",11
"Jean, d'Arras, 14th cent.?",1
"Jenkins, David, 1582-1663.?",17
"Jessey, Henry, 1603-1663.?",16
"Jewel, John, 1522-1571.?",10
"Jewel, John, 1522-1571.?",11
"Joannes Jacobi, -1384.?",1
"Joannes, de Mediolano.?",1
"Joannes, of Hildesheim, d. 1375.?",2
"Joannes, of Hildesheim, d. 1375.?",2
"John Chrysostom, Saint, d. 407.?",7
"John XXI, Pope, d. 1277.?",6
"John, of Garland, approximately 1195-approximately 1272.?",1
"John, of Garland, ca. 1195-ca. 1272.?",1
"Johnson, Francis, 1562-1618.?",11
"Johnson, John, fl. 1602-1657.?",11
"Johnson, Richard, 1573-1659??",10
"Johnson, Samuel, 1649-1703.?",20
"Jones, John, physician.?",9
"Jonson, Ben, 1573?-1637.?",17
"Jordan, Thomas, 1612?-1685??",12
"Jordan, Thomas, 1612?-1685??",18
"Jordan, Thomas, 1612?-1685??",10
"Joye, George, d. 1553.?",15
"Julius II, Pope, 1443-1513.?",1
"Jurieu, Pierre, 1637-1713.?",12
"Keach, Benjamin, 1640-1704.?",15
"Keach, Benjamin, 1640-1704.?",10
"Keach, Benjamin, 1640-1704.?",19
"Keach, Benjamin, 1640-1704.?",13
"Keith, George, 1639?-1716.?",13
"Keith, George, 1639?-1716.?",36
"Keith, George, 1639?-1716.?",29
"Kempe, Margery, b. ca. 1373.?",1
"Ken, Thomas, 1637-1711.?",11
"Kettlewell, John, 1653-1695.?",14
"King, John, 1559?-1621.?",10
"King, William, 1650-1729.?",10
"King, William, 1650-1729.?",16
"Kingsmill, Andrew, 1538-1569.?",6
"Knell, Thomas.?",6
"Knewstubs, John, 1544-1624.?",8
"Knox, John, ca. 1514-1572.?",12
L. P. fl. 1625-1680??,12
L. P. fl. 1625-1680??,19
L. P. fl. 1625-1680??,10
"La Calprenäde, Gaultier de Coste, seigneur de, d. 1663.?",12
"La Sale, Antoine de, b. 1388??",2
"La Tour Landry, Geoffroy de, 14th cent.?",1
"Laet, Jaspar, active 1530-1544.?",1
"Laet, Jaspar, fl. 1492-1530.?",5
"Laet, Jaspar, fl. 1530-1544.?",11
"Laet, Jaspar.?",1
"Lambarde, William, 1536-1601.?",15
"Lambarde, William, 1536-1601.?",12
"Latimer, Hugh, 1485?-1555.?",22
"Laud, William, 1573-1645.?",14
"Laurent, Dominican, fl. 1279.?",1
"Laurent, Dominican, fl. 1279.?",2
"Lead, Jane, 1623-1704.?",10
"Lee, Nathaniel, 1653?-1692.?",12
"Lefävre, Raoul, fl. 1460.?",4
"Lefävre, Raoul, fl. 1460.?",2
"Legrand, Jacques, ca. 1365-1415.?",4
"Legrand, Jacques, ca. 1365-1415.?",1
"Legrand, Jacques, ca. 1365-1415.?",1
"Leigh, Edward, 1602-1671.?",12
"Leigh, Valentine, fl. 1562.?",1
"Lenthall, William, 1591-1662.?",19
"Leslie, Charles, 1650-1722.?",19
"Leslie, Charles, 1650-1722.?",18
"L'Estrange, Roger, Sir, 1616-1704.?",34
"L'Estrange, Roger, Sir, 1616-1704.?",57
"L'Estrange, Roger, Sir, 1616-1704.?",54
"L'Estrange, Roger, Sir, 1616-1704.?",16
"Leti, Gregorio, 1630-1701.?",14
"Lever, Thomas, 1521-1577.?",12
"Leybourn, William, 1626-1716.?",14
"Lichfield, William, d. 1448.?",1
"Lilburne, John, 1614?-1657.?",39
"Lilly, William, 1602-1681.?",17
"Lilly, William, 1602-1681.?",21
"Lilly, William, 1602-1681.?",11
"Lily, William, 1468?-1522.?",2
"Lily, William, 1468?-1522.?",12
"Lily, William, 1468?-1522.?",8
"Lily, William, 1468?-1522.?",10
"Lily, William, 1468?-1522.?",15
"Lily, William, 1468?-1522.?",15
"Lily, William, 1468?-1522.?",10
"Lily, William, 1468?-1522.?",11
"Littleton, Thomas, Sir, d. 1481.?",1
"Littleton, Thomas, Sir, d. 1481.?",17
"Littleton, Thomas, Sir, d. 1481.?",6
"Lloyd, Lodowick, fl. 1573-1610.?",6
"Lloyd, Lodowick, fl. 1573-1610.?",13
"Lloyd, William, 1627-1717.?",13
"Lloyd, William, 1627-1717.?",18
"Lloyd, William, 1627-1717.?",18
"Llull, Ramon, 1232?-1316.?",1
"Locke, John, 1632-1704.?",25
"Lockyer, Nicholas, 1611-1685.?",10
"Lodge, Thomas, 1558?-1625.?",12
"Lodge, Thomas, 1558?-1625.?",14
"Long, Thomas, 1621-1707.?",12
"Long, Thomas, 1621-1707.?",11
"Love, Christopher, 1618-1651.?",21
"Love, Christopher, 1618-1651.?",11
"Lucas, Richard, 1648-1715.?",14
"Luis, de Granada, 1504-1588.?",17
"Lupset, Thomas, 1495?-1530.?",10
"Lupton, Thomas.?",6
"Lupton, Thomas.?",9
"Luther, Martin, 1483-1546.?",13
"Luther, Martin, 1483-1546.?",19
"Lydgate, John, 1370?-1451??",16
"Lydgate, John, 1370?-1451??",8
"Lydgate, John, 1370?-1451??",4
"Lydgate, John, 1370?-1451??",9
"Lyly, John, 1554?-1606.?",7
"Lyly, John, 1554?-1606.?",27
"Lyly, John, 1554?-1606.?",12
"Lynde, Humphrey, Sir.?",10
M. P. d. 1656??,79
M. P. d. 1656??,14
"Mackenzie, George, Sir, 1636-1691.?",13
"Mackenzie, George, Sir, 1636-1691.?",21
"Malory, Thomas, Sir, 15th cent.?",2
"Manby, Peter, d. 1697.?",10
"Manchester, Edward Montagu, Earl of, 1602-1671.?",10
"Mancinus, Dominicus, fl. 1478-1491.?",4
"Mandeville, John, Sir.?",2
"Mandeville, John, Sir.?",2
"Manton, Thomas, 1620-1677.?",10
"Marana, Giovanni Paolo, 1642-1693.?",23
"Marcourt, Antoine de, d. ca. 1560.?",6
"Markham, Gervase, 1568?-1637.?",24
"Markham, Gervase, 1568?-1637.?",26
"Markham, Gervase, 1568?-1637.?",28
"Markham, Gervase, 1568?-1637.?",16
"Markham, Gervase, 1568?-1637.?",18
"Markham, Gervase, 1568?-1637.?",10
"Marlowe, Christopher, 1564-1593.?",15
"Marprelate, Martin, pseud.?",6
"Marshall, Stephen, 1594?-1655.?",23
"Marston, John, 1575?-1634.?",19
"Marvell, Andrew, 1621-1678.?",14
"Marvell, Andrew, 1621-1678.?",16
"Mascall, Leonard, d. 1589.?",8
"Mason, Henry, 1573?-1647.?",12
Massachusetts. General Court.?,12
"Massinger, Philip, 1583-1640.?",14
"Mather, Cotton, 1663-1728.?",26
"Mather, Cotton, 1663-1728.?",39
"Mather, Cotton, 1663-1728.?",26
"Mather, Increase, 1639-1723.?",19
"Mather, Increase, 1639-1723.?",19
"Mather, Increase, 1639-1723.?",12
"Mathew, William, fl. 1602-1614.?",10
"Maynwaringe, Everard, 1628-1699??",19
"Mede, Joseph, 1586-1638.?",11
"Mede, Joseph, 1586-1638.?",13
"Medwall, Henry, fl. 1486.?",1
"Melanchthon, Philipp, 1497-1560.?",11
"Melton, William de, d. 1528.?",1
"Meriton, George, 1634-1711.?",10
"Middleton, Thomas, d. 1627.?",16
"Middleton, Thomas, d. 1627.?",24
"Milles, Tho. 1550?-1627??",10
"Millington, Edward, d. 1703.?",26
"Milton, John, 1608-1674.?",13
"Milton, John, 1608-1674.?",12
"Milton, John, 1608-1674.?",14
"Milton, John, 1608-1674.?",12
"Mirk, John, fl. 1403??",11
"Mirk, John, fl. 1403??",2
"Mirk, John, fl. 1403??",3
"Monastery of the Holy Cross (Crutched Friars) (London, England)?",1
"Moore, Philip, fl. 1564-1573.?",7
"More, Thomas, Sir, Saint, 1478-1535.?",1
"More, Thomas, Sir, Saint, 1478-1535.?",16
"Morison, Richard, Sir, d. 1556.?",8
"Morley, Thomas, 1557-1603??",12
"Mornay, Philippe de, seigneur du Plessis-Marly, 1549-1623.?",12
"Mornay, Philippe de, seigneur du Plessis-Marly, 1549-1623.?",16
"Morton, Thomas, 1564-1659.?",11
"Moulton, Thomas, fl. 1540??",1
"Moulton, Thomas.?",14
"Mubashshir ibn F?tik, Ab? al-Waf??, 11th cent.?",2
"Munday, Anthony, 1553-1633.?",13
N. N.?,11
"Nalson, John, 1638?-1686.?",11
"Nalson, John, 1638?-1686.?",24
"Nash, Thomas, 1567-1601.?",20
"Naylor, James, 1617?-1660.?",11
"Naylor, James, 1617?-1660.?",33
"Neale, Thomas, d. 1699??",22
"Nelson, Thomas, fl. 1580.?",6
"Ness, Christopher, 1621-1705.?",11
"Ness, Christopher, 1621-1705.?",11
"Neve, Jeffery, 1579-1654.?",10
"Neve, Jeffery, 1579-1654.?",12
"Newcastle, Margaret Cavendish, Duchess of, 1624?-1674.?",14
"Newton, John, 1622-1678.?",10
"Nicholls, John, 1555-1584??",7
"Niclaes, Hendrik, 1502?-1580??",17
"Nixon, Anthony.?",15
"Norden, John, 1548-1625??",8
"Norden, John, 1548-1625??",24
"Norden, John, 1548-1625??",17
"Norman, Robert, fl. 1590.?",7
"Norris, John, 1657-1711.?",13
"Northbrooke, John.?",7
"Norton, Thomas, 1532-1584.?",15
"Nostradamus, 1503-1566.?",6
"Nowell, Alexander, 1507?-1602.?",11
"Nye, Stephen, 1648?-1719.?",10
"Oates, Titus, 1649-1705.?",15
"Ochino, Bernardino, 1487-1564.?",6
"Ogilby, John, 1600-1676.?",22
"Ogilby, John, 1600-1676.?",12
"Oldham, John, 1653-1683.?",15
Orden de Santiago.?,1
"Orrery, Roger Boyle, Earl of, 1621-1679.?",10
"Osborne, Francis, 1593-1659.?",12
"Otway, Thomas, 1652-1685.?",14
"Overbury, Thomas, Sir, 1581-1613.?",11
"Ovid, 43 B.C.-17 or 18 A.D.?",1
"Ovid, 43 B.C.-17 or 18 A.D.?",15
"Ovid, 43 B.C.-17 or 18 A.D.?",10
"Ovid, 43 B.C.-17 or 18 A.D.?",11
"Ovid, 43 B.C.-17 or 18 A.D.?",15
"Ovid, 43 B.C.-17 or 18 A.D.?",11
"Owen, John, 1616-1683.?",12
"Owen, John, 1616-1683.?",15
"Owen, John, 1616-1683.?",18
"Owen, John, 1616-1683.?",14
"Pace, Richard, 1482?-1536.?",1
"Painter, William, 1540?-1594.?",7
"Parker, Henry, 1604-1652.?",22
"Parsons, Robert, 1546-1610.?",16
"Parsons, Robert, 1546-1610.?",26
"Partridge, John, 1644-1715.?",11
"Partridge, John, 1644-1715.?",14
"Partridge, John, 1644-1715.?",13
"Partridge, John, fl. 1566-1573.?",6
"Patrick, Simon, 1626-1707.?",38
"Patrick, Simon, 1626-1707.?",27
"Patrick, Simon, 1626-1707.?",29
"Patrick, Simon, 1626-1707.?",25
"Patrick, Simon, 1626-1707.?",21
"Patrick, Simon, 1626-1707.?",11
"Peachi, John, fl. 1683.?",13
"Peckham, John, d. 1292.?",5
"Peele, George, 1556-1596.?",9
"Pelling, Edward, d. 1718.?",17
"Pelling, Edward, d. 1718.?",14
"Pemble, William, 1592?-1623.?",20
"Penington, Isaac, 1616-1679.?",34
"Penington, Isaac, 1616-1679.?",16
"Penn, William, 1644-1718.?",31
"Penn, William, 1644-1718.?",33
"Penn, William, 1644-1718.?",37
"Penn, William, 1644-1718.?",28
"Penn, William, 1644-1718.?",33
"Penn, William, 1644-1718.?",24
"Penry, John, 1559-1593.?",14
"Percy, James, 1619-1690??",10
"Perkins, Samuel, fl. 1625-1643.?",10
"Perkins, William, 1558-1602.?",21
"Perkins, William, 1558-1602.?",100
"Perkins, William, 1558-1602.?",30
"Perkins, William, 1558-1602.?",35
Person of quality.?,10
Person of quality.?,19
Person of quality.?,15
Person of quality.?,19
"Peter, of Blois, ca. 1135-ca. 1212.?",1
"Peter, of Luxemburg, Saint, 1369-1387.?",2
"Petty, William, Sir, 1623-1687.?",10
"Phayer, Thomas, 1510?-1560.?",12
"Phayer, Thomas, 1510?-1560.?",6
"Phillips, John, 1631-1706.?",12
"Phillips, John, fl. 1570-1591.?",6
"Phillips, John, fl. 1570-1591.?",8
"Pico della Mirandola, Giovanni Francesco, 1470-1533.?",1
"Pico della Mirandola, Giovanni Francesco, 1470-1533.?",1
"Pierce, Thomas, 1622-1691.?",17
"Pierre, de la CÇpäde, 15th cent.?",2
"Pierre, de la CÇpäde, 15th cent.?",2
"Pius II, Pope, 1404-1464.?",1
"Plat, Hugh, Sir, 1552-1611??",14
"Playfere, Thomas, 1561?-1609.?",18
"Playford, John, 1623-1686??",11
Plutarch.?,1
Plutarch.?,8
Plutarch.?,6
Plutarch.?,10
Plutarch.?,11
Plutarch.?,10
"Pond, Edward, d. 1629.?",10
"Pond, Edward, d. 1629.?",11
"Pond, Edward, d. 1629.?",10
"Ponet, John, 1516?-1556.?",5
"Poole, Matthew, 1624-1679.?",15
Poor Robin.?,15
Poor Robin.?,19
"Powel, Gabriel, 1576-1611.?",18
"Preston, John, 1587-1628.?",82
"Preston, John, 1587-1628.?",11
"Price, Daniel, 1581-1631.?",14
"Prime, John, 1550-1596.?",7
"Prynne, William, 1600-1669.?",34
"Prynne, William, 1600-1669.?",38
"Prynne, William, 1600-1669.?",31
"Prynne, William, 1600-1669.?",50
"Prynne, William, 1600-1669.?",12
"Purcell, Henry, 1659-1695.?",14
"Pym, John, 1584-1643.?",64
"Quarles, Francis, 1592-1644.?",25
"Quarles, Francis, 1592-1644.?",17
"Quarles, Francis, 1592-1644.?",23
"Quarles, Francis, 1592-1644.?",15
"Quarles, Francis, 1592-1644.?",17
R. A. 1611-1681.?,11
"R. B., 1632?-1725??",25
"R. B., 1632?-1725??",10
"R. B., 1632?-1725??",17
R. F. d. 1666.?,12
R. F. d. 1666.?,11
R. F. d. 1666.?,11
R. F. H. 16th cent.?,15
R. F. H. 16th cent.?,18
"R. H., 1609-1678.?",14
R. T.?,6
"Rainolds, John, 1549-1607.?",8
"Rainolds, John, 1549-1607.?",11
"Raleigh, Walter, Sir, 1552?-1618.?",21
"Raleigh, Walter, Sir, 1552?-1618.?",14
"Randolph, Thomas, 1605-1635.?",12
"Rapin, RenÇ, 1621-1687.?",14
"Rastell, John, 1532-1577.?",7
"Rastell, John, d. 1536.?",4
"Rastell, John, d. 1536.?",6
"Rastell, William, 1508?-1565.?",9
"Raymond, of Capua, 1330-1399.?",2
"Raymond, of Capua, 1330-1399.?",1
"Record, Robert, 1510?-1558.?",10
"Record, Robert, 1510?-1558.?",8
"Reynolds, Edward, 1599-1676.?",17
"Reynolds, Edward, 1599-1676.?",12
"Reynolds, Edward, 1599-1676.?",37
"Reynolds, John, fl. 1621-1650.?",12
"Rhegius, Urbanus, 1489-1541.?",7
"Rhegius, Urbanus, 1489-1541.?",6
"Rich, Barnabe, 1540?-1617.?",12
"Rich, Barnabe, 1540?-1617.?",12
"Rich, Barnabe, 1540?-1617.?",11
"Richard, of St. Victor, d. 1173.?",1
"Ridley, Lancelot, d. 1576.?",8
"Ridley, Nicholas, 1500?-1555.?",5
"Robert, Prior of Shrewsbury, d. 1167.?",1
"Rochester, John Wilmot, Earl of, 1647-1680.?",16
"Rogers, John, fl. 1560-1580.?",7
"Rogers, Thomas, d. 1616.?",10
"Rose, George, mathematician.?",10
"Ross, Alexander, 1591-1654.?",14
"Rous, Francis, 1579-1659.?",12
"Rowlands, Samuel, 1570?-1630??",35
"Rowlands, Samuel, 1570?-1630??",15
"Roye, Gui de, ca. 1345-1409.?",1
"Rudyerd, Benjamin, Sir, 1572-1658.?",29
"Rule, Gilbert, 1629?-1701.?",11
"Rupert, Prince, Count Palatine, 1619-1682.?",14
"Ruscelli, Girolamo, d. ca. 1565.?",13
"Russel, Robert, fl. 1692.?",10
"Russell, William, Lord, 1639-1683.?",10
"Ryckes, John.?",1
S. R. d. 1617.?,9
"Sabran, Lewis, 1652-1732.?",10
"Saint German, Christopher, 1460?-1540.?",22
"Sallust, 86-34 B.C.?",3
"Salmon, William, 1644-1713.?",11
"Salmon, William, 1644-1713.?",17
"Saltmarsh, John, d. 1647.?",13
"Sanderson, Robert, 1587-1663.?",11
"Sarcerius, Erasmus, 1501-1559.?",5
"Sargy, J.?",1
"Saunders, Richard, 1613-1675.?",12
"Saunders, Richard, 1613-1675.?",11
"Savonarola, Girolamo, 1452-1498.?",16
"Sclater, William, 1575-1626.?",10
"Scot, Tho. fl. 1605.?",10
Scotland. Convention of Estates.?,18
Scotland. Convention of Estates.?,29
Scotland. Convention of Estates.?,15
Scotland. Parliament. Committee of Estates.?,21
Scotland. Parliament. Committee of Estates.?,12
Scotland. Parliament. Committee of Estates.?,13
Scotland. Parliament.?,33
Scotland. Parliament.?,35
Scotland. Parliament.?,17
Scotland. Privy Council.?,10
Scotland. Privy Council.?,10
Scotland. Privy Council.?,25
Scotland. Privy Council.?,46
Scotland. Privy Council.?,69
Scotland. Privy Council.?,70
Scotland. Privy Council.?,99
Scotland. Privy Council.?,170
Scotland. Privy Council.?,49
Scotland. Sovereign (1567-1625 : James VI)?,10
Scotland. Sovereign (1625-1649 : Charles I)?,21
Scotland. Sovereign (1649-1685 : Charles II)?,14
Scotland.?,16
Scotland.?,15
Scotland.?,12
Scotland.?,10
Scotland.?,15
Scotland.?,22
Scotland.?,13
"Scott, John, 1639-1695.?",16
"Scott, Thomas, 1580?-1626.?",53
"Securis, John.?",13
"Seller, John, fl. 1658-1698.?",14
"Seller, John, fl. 1658-1698.?",10
"Sempill, Robert, 1530?-1595.?",22
"Seneca, Lucius Annaeus, ca. 4 B.C.-65 A.D.?",7
"Sergeant, John, 1622-1707.?",10
"Settle, Elkanah, 1648-1724.?",14
"Settle, Elkanah, 1648-1724.?",22
"Settle, Elkanah, 1648-1724.?",14
"Settle, Elkanah, 1648-1724.?",18
"Shadwell, Thomas, 1642?-1692.?",24
"Shadwell, Thomas, 1642?-1692.?",12
"Shaftesbury, Anthony Ashley Cooper, Earl of, 1621-1683.?",12
"Shakespeare, William, 1564-1616.?",66
"Shakespeare, William, 1564-1616.?",18
"Shakespeare, William, 1564-1616.?",27
"Sharp, John, 1645-1714.?",12
"Shepard, Thomas, 1605-1649.?",26
"Shepherd, Luke, fl. 1548.?",5
"Sheppard, William, d. 1675??",22
"Sheppard, William, d. 1675??",11
"Sherlock, William, 1641?-1707.?",32
"Sherlock, William, 1641?-1707.?",44
"Sherlock, William, 1641?-1707.?",41
"Sherwin, William, 1607-1687??",11
"Shirley, James, 1596-1666.?",25
"Shirley, James, 1596-1666.?",12
"Shirley, James, 1596-1666.?",14
"Shower, John, 1657-1715.?",16
"Sibbes, Richard, 1577-1635.?",41
"Sibbes, Richard, 1577-1635.?",17
"Sidney, Philip, Sir, 1554-1586.?",12
"Simon, anchorite of London Wall.?",1
"Simon, anchorite of London Wall.?",1
"Skelton, John, 1460?-1529.?",1
"Skelton, John, 1460?-1529.?",2
"Skelton, John, 1460?-1529.?",5
"Skelton, John, 1460?-1529.?",21
"Smith, Henry, 1550?-1591.?",70
"Smith, Henry, 1550?-1591.?",42
"Smith, Henry, 1550?-1591.?",21
"Smith, Henry, 1550?-1591.?",19
"Smith, Humphrey, d. 1663.?",34
"Smith, John, 1580-1631.?",11
"Smith, Richard, 1500-1563.?",13
"Smith, Samuel, 1588-1665.?",20
"Smith, Samuel, 1588-1665.?",12
"Smith, William, d. 1673.?",33
"Smith, William, d. 1673.?",29
"Smythies, William, d. 1715.?",12
"Sofford, Arthur, fl. 1618-1641.?",11
"Some, Robert, 1542-1609.?",6
"Southwell, Robert, Saint, 1561?-1595.?",22
"Speed, John, 1552?-1629.?",17
"Speed, John, 1552?-1629.?",24
"Speed, John, 1552?-1629.?",44
"Spenser, Edmund, 1552?-1599.?",8
"Spenser, Edmund, 1552?-1599.?",19
"Sprat, Thomas, 1635-1713.?",13
"Sprat, Thomas, 1635-1713.?",10
"St. John, Oliver, 1598?-1673.?",18
"St. Thomas's Hospital (London, England)?",1
"St. Thomas's Hospital (London, England)?",1
"Stafford, Richard, 1663-1703.?",11
"Stafford, Richard, 1663-1703.?",20
"Stafford, Richard, 1663-1703.?",18
"Stanbridge, John, 1463-1510.?",11
"Stanbridge, John, 1463-1510.?",14
"Stanbridge, John, 1463-1510.?",17
"Stanbridge, John, 1463-1538.?",1
"Standish, John, 1507?-1570.?",5
"Steinhîwel, Heinrich, 1412-1482??",1
"Stephens, Edward, d. 1706.?",26
"Stephens, Edward, d. 1706.?",13
"Stephens, Edward, d. 1706.?",14
"Sternhold, Thomas, d. 1549.?",12
"Sternhold, Thomas, d. 1549.?",31
"Sternhold, Thomas, d. 1549.?",39
"Sternhold, Thomas, d. 1549.?",90
"Sternhold, Thomas, d. 1549.?",65
"Sternhold, Thomas, d. 1549.?",113
"Sternhold, Thomas, d. 1549.?",27
"Sternhold, Thomas, d. 1549.?",26
"Stillingfleet, Edward, 1635-1699.?",19
"Stillingfleet, Edward, 1635-1699.?",34
"Stillingfleet, Edward, 1635-1699.?",18
"Stillingfleet, Edward, 1635-1699.?",28
"Stillingfleet, Edward, 1635-1699.?",15
"Stirling, William Alexander, Earl of, 1567 or 8-1640.?",10
"Stoughton, John, d. 1639.?",15
"Stow, John, 1525?-1605.?",12
"Stow, John, 1525?-1605.?",12
"Strafford, Thomas Wentworth, Earl of, 1593-1641.?",51
"Stubbe, Henry, 1632-1676.?",15
"Stubbes, Phillip.?",14
"Sutcliffe, Matthew, 1550?-1629.?",11
"Sutton, Christopher, 1565?-1629.?",13
"Swallow, John.?",10
"Swan, John, d. 1671.?",12
"Sydenham, Humphrey, 1591-1650??",20
T. B.?,11
T. W. 1549?-1608.?,11
"Tanner, John, ca. 1636-1715.?",12
"Tate, Nahum, 1652-1715.?",13
"Tate, Nahum, 1652-1715.?",11
"Tate, Nahum, 1652-1715.?",16
"Tate, Nahum, 1652-1715.?",17
"Tatham, John, fl. 1632-1664.?",12
"Taverner, Richard, 1505?-1575.?",10
"Taylor, Jeremy, 1613-1667.?",32
"Taylor, Jeremy, 1613-1667.?",32
"Taylor, Jeremy, 1613-1667.?",33
"Taylor, Jeremy, 1613-1667.?",20
"Taylor, Jeremy, 1613-1667.?",14
"Taylor, Jeremy, 1613-1667.?",10
"Taylor, John, 1580-1653.?",63
"Taylor, John, 1580-1653.?",40
"Taylor, John, 1580-1653.?",65
"Taylor, John, 1580-1653.?",20
"Taylor, Thomas, 1576-1632.?",17
"Taylor, Thomas, 1576-1632.?",22
"Temple, William, Sir, 1628-1699.?",15
"Tenison, Thomas, 1636-1715.?",20
"Tenison, Thomas, 1636-1715.?",10
Terence.?,3
Terence.?,1
"Thomas, von Erfurt, 14th cent.?",1
"Tillotson, John, 1630-1694.?",15
"Tillotson, John, 1630-1694.?",25
"Tillotson, John, 1630-1694.?",26
"Tillotson, John, 1630-1694.?",28
"Tillotson, John, 1630-1694.?",15
"Topsell, Edward, 1572-1625??",10
"Tracy, Richard, d. 1569.?",6
"Traheron, Bartholomew, 1510?-1558??",6
Trepidantium Malleus.?,14
"Trigge, Thomas.?",11
"Tryon, Thomas, 1634-1703.?",11
"Tryon, Thomas, 1634-1703.?",12
"Tryon, Thomas, 1634-1703.?",13
"Turner, Francis, 1638?-1700.?",11
"Turner, John, b. 1649 or 50.?",18
"Turner, William, d. 1568.?",12
"Tusser, Thomas, 1524?-1580.?",8
"Tutchin, John, 1661?-1707.?",15
"Twyne, Thomas, 1543-1613.?",6
"Tyndale, William, d. 1536.?",3
"Tyndale, William, d. 1536.?",30
"Udall, John, 1560?-1592.?",15
United Provinces of the Netherlands. Staten Generaal.?,14
University of Oxford.?,26
University of Oxford.?,13
University of Oxford.?,10
"Ursula, Saint.?",1
"Ussher, James, 1581-1656.?",11
"Ussher, James, 1581-1656.?",16
"Ussher, James, 1581-1656.?",17
"VÇron, John, d. 1563.?",8
"Valence, P.?",1
"Vaux, John, ca. 1575-1651.?",10
"Velthoven, Adrian.?",1
"Venning, Ralph, 1621?-1674.?",16
"Venning, Ralph, 1621?-1674.?",12
"Vergil, Polydore, 1470?-1555.?",5
"Vicars, John, 1579 or 80-1652.?",12
"Vigo, Giovanni da, 1450?-1525.?",5
"Vincent, Thomas, 1634-1678.?",21
"Vines, Richard, 1600?-1656.?",11
"Vines, Richard, 1600?-1656.?",12
"Violet, Thomas, fl. 1634-1662.?",12
"Viret, Pierre, 1511-1571.?",8
"Vives, Juan Luis, 1492-1540.?",12
"Wagstaffe, Thomas, 1645-1712.?",10
"Wake, William, 1657-1737.?",30
"Walker, Clement, 1595-1651.?",19
"Walker, George, 1581?-1651.?",13
"Walker, Henry, Ironmonger.?",15
"Wallis, John, 1616-1703.?",18
"Walsh, Peter, 1618?-1688.?",12
"Walsingham, Thomas, fl. 1360-1420.?",1
"Ward, Edward, 1667-1731.?",36
"Ward, Samuel, 1577-1640.?",26
"Ward, Samuel, 1577-1640.?",12
"Ward, Seth, 1617-1689.?",11
"Warwick, Robert Rich, Earl of, 1587-1658.?",10
"Watson, Thomas, 1513-1584.?",7
"Watson, Thomas, 1557?-1592.?",6
"Watson, Thomas, d. 1686.?",13
"Watson, Thomas, d. 1686.?",13
"Watts, William, 1590?-1649.?",10
"Weemes, John, 1579?-1636.?",31
"West, William, fl. 1568-1594.?",6
Westminster Assembly (1643-1652)?,21
Westminster Assembly (1643-1652)?,10
"Wharton, George, Sir, 1617-1681.?",10
"Wharton, George, Sir, 1617-1681.?",13
"Whately, William, 1583-1639.?",16
"Whately, William, 1583-1639.?",12
"Whetstone, George, 1544?-1587??",13
"Whitaker, Edward.?",12
"Whitby, Daniel, 1638-1726.?",14
"White, John, 1570-1615.?",10
"White, John, fl. 1613-1651.?",14
"White, William.?",10
"Whitehead, George, 1636?-1723.?",19
"Whitehead, George, 1636?-1723.?",18
"Whitehead, George, 1636?-1723.?",10
"Whitehead, George, 1636?-1723.?",18
"Whitehead, George, 1636?-1723.?",10
"Whitford, Richard, fl. 1495-1555??",14
"Whittington, Robert, d. ca. 1560.?",1
"Wied, Hermann von.?",7
"Wild, Robert, 1609-1679.?",11
"Wild, Robert, 1609-1679.?",19
"Wilkins, John, 1614-1672.?",11
"Wilkins, John, 1614-1672.?",12
"Wilkinson, Robert, Dr. in Divinity.?",10
"Willard, Samuel, 1640-1707.?",11
"Willet, Andrew, 1562-1621.?",24
"William III, King of England, 1650-1702.?",60
"William III, King of England, 1650-1702.?",13
"Williams, John, 1636?-1709.?",13
"Williams, John, 1636?-1709.?",15
"Williams, John, 1636?-1709.?",31
"Willis, Thomas, 1621-1675.?",13
"Wilson, Thomas, 1525?-1581.?",7
"Wing, Vincent, 1619-1668.?",14
"Wing, Vincent, 1619-1668.?",13
"Winstanley, William, 1628?-1698.?",11
"Winter, Simon, d. 1448.?",1
"Wither, George, 1588-1667.?",41
"Wither, George, 1588-1667.?",13
"Wither, George, 1588-1667.?",13
"Wither, George, 1588-1667.?",13
"Wither, George, 1588-1667.?",13
"Wither, George, 1588-1667.?",13
"Wollrich, Humphry, 1633?-1707.?",14
"Woodhouse, John.?",12
"Woodhouse, John.?",12
"Woodward, Ezekias, 1590-1675.?",17
"Woolley, Hannah, fl. 1670.?",10
Worshipful Company of Parish Clerks.?,10
"Wright, Leonard, b. 1555 or 6.?",9
Xenophon.?,6
"Younge, Richard.?",22
"Younge, Richard.?",21
"Younge, Richard.?",21
"Zwingli, Ulrich, 1484-1531.?",9
