author_name,,,,,grand_total
"Defoe, Daniel, 1661?-1731.",,,,,110
"More, Hannah, 1745-1833.",,,,,69
"Pope, Alexander, 1688-1744.",,,,,61
"Goldsmith, Oliver, 1730?-1774.",,,,,51
(unknown),,,,,47
"Kipling, Rudyard, 1865-1936",,,,,45
"Trusler, John, 1735-1820.",,,,,44
"Dibdin, Charles, 1745-1814.",,,,,41
"Pratt, Mr. (Samuel Jackson), 1749-1814.",,,,,41
"Shakespeare, William, 1564-1616",,,,,37
"Holcroft, Thomas, 1745-1809.",,,,,34
"Paine, Thomas, 1737-1809.",,,,,34
"Hayley, William, 1745-1820.",,,,,32
"Burke, Edmund, 1729-1797.",,,,,31
"Addison, Joseph, 1672-1719.",,,,,29
"O'Keeffe, John, 1747-1833.",,,,,29
"Sharp, Granville, 1735-1813.",,,,,29
"Arbuthnot, John, 1667-1735.",,,,,27
"Garrick, David, 1717-1779.",,,,,27
"Cumberland, Richard, 1732-1811.",,,,,26
"Gilpin, William, 1724-1804.",,,,,26
"Jerningham, Mr. (Edward), 1737?-1812.",,,,,26
"Kenrick, W. (William), 1725?-1779.",,,,,26
"Lennox, Charlotte, ca. 1729-1804.",,,,,25
"Murphy, Arthur, 1727-1805.",,,,,25
"Donovan, E. (Edward), 1768-1837.",,,,,23
"Gaskell, Elizabeth Cleghorn, 1810-1865",,,,,23
"Churchill, Charles, 1731-1764.",,,,,22
"Richardson, Samuel, 1689-1761.",,,,,22
"Dennis, John, 1657-1734.",,,,,21
"Hume, David, 1711-1776.",,,,,21
"Inchbald, Mrs., 1753-1821.",,,,,20
"Francklin, Thomas, 1721-1784.",,,,,19
"Centlivre, Susanna, 1667?-1723.",,,,,18
"Dodsley, Robert, 1703-1764.",,,,,18
"Pennant, Thomas, 1726-1798.",,,,,18
"Sheridan, Richard Brinsley, 1751-1816.",,,,,18
"Berkeley, George, 1685-1753.",,,,,17
"Carey, Henry, 1687?-1743.",,,,,16
"Gentleman, Francis, 1728-1784.",,,,,16
"Hill, Aaron, 1685-1750.",,,,,16
"Sterne, Laurence, 1713-1768.",,,,,16
"Bickerstaff, Isaac, 1735-1812.",,,,,15
"Cowley, Mrs. (Hannah), 1743-1809.",,,,,15
"Griffith, Mrs. (Elizabeth), 1720?-1793.",,,,,15
"Carey, George Saville, 1743-1807.",,,,,14
"Dudley, H. Bate, Sir (Henry Bate), 1745-1824.",,,,,14
"Jephson, Robert, 1736-1803.",,,,,14
"Warton, Thomas, 1728-1790.",,,,,14
"Boswell, James, 1740-1795.",,,,,13
"Brown, John, 1715-1766.",,,,,13
"Hull, Thomas, 1728-1808.",,,,,13
"Thomson, James, 1700-1748.",,,,,13
"Congreve, William, 1670-1729.",,,,,12
"Fawkes, Francis, 1720-1777.",,,,,12
"Francis, Philip, Sir, 1740-1818.",,,,,12
"Jones, Henry, 1721-1770.",,,,,12
"Kames, Henry Home, Lord, 1696-1782.",,,,,12
"Mason, William, 1725-1797.",,,,,12
"Woty, William, 1731?-1791.",,,,,12
"Gibbon, Edward, 1737-1794.",,,,,11
"Glover, Richard, 1712-1785.",,,,,11
"Gray, Thomas, 1716-1771.",,,,,11
"Pilon, Frederick, 1750-1788.",,,,,11
"Buffon, Georges Louis Leclerc, comte de, 1707-1788.",,,,,10
"Duck, Stephen, 1705-1756.",,,,,10
"Hutchinson, William, 1732-1814.",,,,,10
"Macpherson, James, 1736-1796.",,,,,10
"Paley, William, 1743-1805.",,,,,10
"Pinkerton, John, 1758-1826.",,,,,10
"Brand, John, d. 1808.",,,,,9
"Cibber, Theophilus, 1703-1758.",,,,,9
"Defoe, Daniel, 1661?-1731,",,,,,9
"Hawkesworth, John, 1715?-1773.",,,,,9
"James, Henry, 1843-1916",,,,,9
"Kelly, Hugh, 1739-1777.",,,,,9
"Lloyd, Robert, 1733-1764.",,,,,9
"MacNally, Leonard, 1752-1820.",,,,,9
"Radcliffe, Ann Ward, 1764-1823.",,,,,9
"Whiston, William, 1667-1752.",,,,,9
"Chetwood, W. R. (William Rufus), d. 1766.",,,,,8
"Cobb, James, 1756-1818.",,,,,8
Homer.,,,,,8
"Hutton, Charles, 1737-1823.",,,,,8
"Macklin, Charles, 1697?-1797.",,,,,8
"Spence, Thomas, 1750-1814.",,,,,8
"Trollope, Anthony, 1815-1882",,,,,8
"Aikin, John, 1747-1822.",,,,,7
"Blair, Hugh, 1718-1800.",,,,,7
"Burgoyne, John, 1722-1792.",,,,,7
"Burney, Fanny, 1752-1840.",,,,,7
"Dickens, Charles, 1812-1870",,,,,7
"Downman, Hugh, 1740-1809.",,,,,7
"Gerard, Alexander, 1728-1795.",,,,,7
"Lewis, M. G. (Matthew Gregory), 1775-1818.",,,,,7
"Morton, Thomas, 1764-1838.",,,,,7
"Rowe, Nicholas, 1674-1718.",,,,,7
"Stevens, George Alexander, 1710-1784.",,,,,7
"Williams, Helen Maria, 1762-1827.",,,,,7
"Boreman, Thomas, fl. 1730-1743.",,,,,6
"Brown, John, 1722-1787.",,,,,6
"Colman, George, 1732-1794.",,,,,6
"Delap, J. (John), 1725-1812.",,,,,6
"Disraeli, Isaac, 1766-1848.",,,,,6
"Eliot, George, 1819-1880",,,,,6
"Home, John, 1722-1808.",,,,,6
"Jefferson, Thomas, 1743-1826",,,,,6
"Johnson, Samuel, 1709-1784.",,,,,6
"Lee, Sophia, 1750-1824.",,,,,6
"Mendez, Moses, d. 1758.",,,,,6
"Milton, John, 1608-1674",,,,,6
"Savage, Richard, d. 1743.",,,,,6
"Smollett, Tobias George, 1721-1771.",,,,,6
"Twain, Mark, 1835-1910",,,,,6
"Andrews, Miles Peter, d. 1814.",,,,,5
"Aulnoy, Madame d' (Marie-Catherine), 1650 or 51-1705.",,,,,5
"Bentley, R. (Richard), 1708-1782.",,,,,5
"Berkeley, George Monck, 1763-1793.",,,,,5
"Berquin, M. (Arnaud), 1747-1791.",,,,,5
"Brooke, Frances, 1724?-1789.",,,,,5
"Brooke, Henry, 1703?-1783.",,,,,5
"Cradock, Joseph, 1742-1826.",,,,,5
"Craven, Elizabeth Craven, Baroness, 1750-1828.",,,,,5
"Cunningham, John, 1729-1773.",,,,,5
"Fielding, Henry, 1707-1754.",,,,,5
"Hardy, Thomas, 1840-1928",,,,,5
"Hoare, Prince, 1755-1834.",,,,,5
"Janeway, James, 1636?-1674.",,,,,5
"Johnstone, Charles, 1719?-1800?",,,,,5
"Jonson, Ben, 1573?-1637",,,,,5
"Kemble, John Philip, 1757-1823.",,,,,5
"London, Jack, 1876-1916",,,,,5
"Mason, William, 1719-1791.",,,,,5
"Murray, James, 1732-1782.",,,,,5
"Oldys, William, 1696-1761.",,,,,5
"Parnell, Thomas, 1679-1718.",,,,,5
"Ritson, Joseph, 1752-1803.",,,,,5
"Shiells, Robert, d. 1753.",,,,,5
"Smith, Charlotte Turner, 1749-1806.",,,,,5
"Steele, Richard, Sir, 1672-1729.",,,,,5
"Waldron, F. G. (Francis Godolphin), 1744-1818.",,,,,5
"Woolston, Thomas, 1670-1733.",,,,,5
"Akenside, Mark, 1721-1770.",,,,,4
"Barbauld, Mrs. (Anna Letitia), 1743-1825.",,,,,4
"Brand, John, 1744-1806.",,,,,4
"Collins, William, 1721-1759.",,,,,4
"Dampier, William, 1652-1715.",,,,,4
"Dow, Alexander, d. 1779.",,,,,4
"Francis, Philip, 1708?-1773.",,,,,4
"Griffith, Richard, d. 1788.",,,,,4
"Hawkins, John, Sir, 1719-1789.",,,,,4
"Hawkins, William, 1722-1801.",,,,,4
"Henry, David, 1710-1792.",,,,,4
"Hitchcock, Robert, d. 1809.",,,,,4
"Holman, J. G. (Joseph George), 1764-1817.",,,,,4
"Lillo, George, 1693-1739.",,,,,4
"Marat, Jean Paul, 1743-1793.",,,,,4
"O'Hara, Kane, 1714?-1782.",,,,,4
"Ovid, 43 B.C.-17 or 18 A.D.",,,,,4
"Pearch, G.",,,,,4
"Pilkington, Laetitia, 1712-1750.",,,,,4
"Psalmanazar, George, 1679?-1763.",,,,,4
"Reed, Joseph, 1723-1787.",,,,,4
"Shenstone, William, 1714-1763.",,,,,4
"Smith, Adam, 1723-1790.",,,,,4
"Walpole, Horace, 1717-1797.",,,,,4
"Whitehead, William, 1715-1785.",,,,,4
"Wilkinson, Tate, 1739-1803.",,,,,4
"Austen, Jane, 1775-1817",,,,,3
"Blake, William, 1757-1827",,,,,3
"Bourne, Henry, 1696-1733.",,,,,3
"Brown, Charles Brockden, 1771-1810.",,,,,3
"Burke, William, 1730-1798.",,,,,3
"Burroughs, Edgar Rice, 1875-1950",,,,,3
"Charke, Charlotte, 1713-1760.",,,,,3
"Chatterton, Thomas, 1752-1770.",,,,,3
"Cheyne, George, 1673-1743.",,,,,3
"Conrad, Joseph, 1857-1924",,,,,3
"Darwin, Erasmus, 1731-1802.",,,,,3
"Dodington, George Bubb, Baron of Melcombe Regis, 1691-1762.",,,,,3
"Ellwood, Thomas, 1639-1713.",,,,,3
"Fielding, Henry, 1707-1754",,,,,3
"Hartley, David, 1705-1757.",,,,,3
"Hawkins, W. (William), 18th cent.",,,,,3
"Hazlitt, William, 1737-1820.",,,,,3
"Hill, John, 1714?-1775.",,,,,3
"Hoole, John, 1727-1803.",,,,,3
"James, William, 1842-1910",,,,,3
"Jurin, James, 1684-1750.",,,,,3
"King, Thomas, 1730-1805.",,,,,3
"Melville, Herman, 1819-1891",,,,,3
"Pulteney, Richard, 1730-1801.",,,,,3
"Stevenson, Robert Louis, 1850-1894",,,,,3
"Wallis, John, 1714-1793.",,,,,3
"Walton, Jacob, d. 1743.",,,,,3
"Warton, Joseph, 1722-1800.",,,,,3
"Way, G. L. (Gregory Lewis), d. 1799.",,,,,3
"Wells, H.G. (Herbert George), 1866-1946",,,,,3
"Amory, Thomas, 1691?-1788?",,,,,2
"Arbuthnot, John, of Mitcham.",,,,,2
"Ashmole, Elias, 1617-1692.",,,,,2
Authoress of Emeline.,,,,,2
"Baum, L. Frank (Lyman Frank), 1856-1919",,,,,2
"Beilby, Ralph, 1743-1817.",,,,,2
"Belloste, Augustin, 1654-1730.",,,,,2
"Berkeley, George, 1733-1795.",,,,,2
"Brontë, Anne, 1820-1849",,,,,2
"Browne, Thomas, Sir, 1605-1682",,,,,2
"Bulstrode, Richard, Sir, 1610-1711.",,,,,2
"Chaigneau, William, 1709-1781.",,,,,2
"Chaucer, Geoffrey, d. 1400",,,,,2
"Clive, Mrs. (Catherine), 1711-1785.",,,,,2
"Cockburn, W. (William), 1669-1739.",,,,,2
"Colman, George, 1762-1836.",,,,,2
"Cowper, William, 1731-1800.",,,,,2
"Crane, Stephen, 1871-1900",,,,,2
"Defoe, Daniel, 1661?-1731",,,,,2
"Doddridge, Philip, 1702-1751.",,,,,2
"Donaldson, J. (John), 1737-1801.",,,,,2
"Edgeworth, Maria, 1767-1849.",,,,,2
"Equiano, Olaudah, b. 1745.",,,,,2
"Erasmus, Desiderius, d. 1536",,,,,2
"Firishtah, Muḥammad Qāsim Hindū Shāh Astarābādī.",,,,,2
"Gay, John, 1685-1732.",,,,,2
"Hartson, Hall, d. 1773.",,,,,2
"Hawthorne, Nathaniel, 1804-1864",,,,,2
"Hayley, William, 1657-1715.",,,,,2
"Jardine, Alexander, d. 1799.",,,,,2
"John and William Cunningham and Company (Brewers : Glasgow, Scotland)",,,,,2
"Kelley, Hugh, 1739-1777.",,,,,2
"Lawrence, D.H. (David Herbert), 1885-1930",,,,,2
"Leland, Thomas, 1722-1785.",,,,,2
"Lennox, Charlotte, 1729-1804.",,,,,2
"Lennox, Charlotte, 1729-1804. Trifler.",,,,,2
"Malthus, T. R. (Thomas Robert), 1766-1834.",,,,,2
"Mead, Richard, 1673-1754.",,,,,2
"Montgomery, L. M. (Lucy Maud), 1874-1942",,,,,2
"Muir, John, 1838-1914",,,,,2
"Musgrave, Samuel, 1732-1780.",,,,,2
"Otis, James, 1725-1783",,,,,2
Pindaromastix.,,,,,2
"Pott, Percivall, 1714-1788.",,,,,2
"Reynolds, Frederick, 1764-1841.",,,,,2
"Richardson, Samuel, fl. 1643-1658.",,,,,2
"Sheridan, Richard, d. 1793.",,,,,2
"Sidney, Algernon, 1622-1683.",,,,,2
"Smith, Hugh, 1736?-1789.",,,,,2
"Spenser, Edmund, 1552?-1599",,,,,2
"Spilsbury, Francis.",,,,,2
"Stedman, John Gabriel, 1744-1797.",,,,,2
"Sterne, Laurence, 1713-1768",,,,,2
"Tickell, Richard, 1751-1793.",,,,,2
"Townley, James, 1714-1778.",,,,,2
Unknown,,,,,2
"Vaughan, Thomas, fl. 1772-1820.",,,,,2
"Watts, Isaac, 1674-1748.",,,,,2
"Wharton, Edith, 1862-1937",,,,,2
"White, Gilbert, 1720-1793.",,,,,2
"Wordsworth, William, 1770-1850",,,,,2
"Abbot, George, 1562-1633.",,,,,1
"Abbott, Jacob, 1803-1879",,,,,1
"Ade, George, 1866-1944",,,,,1
"Aitken, John, d. 1790.",,,,,1
"Alcott, Louisa May, 1832-1888",,,,,1
"Alden, Henry Mills, 1836-1919 (ed.)",,,,,1
"Alderson, John, 1757-1829.",,,,,1
"Allen, Ethan, 1738-1789",,,,,1
"Amhurst, N. (Nicholas), 1697-1742.",,,,,1
"Anderson, John, ca. 1730-1804.",,,,,1
Anonymous,,,,,1
"Anstey, Christopher, 1724-1805.",,,,,1
Apothecary.,,,,,1
Aristotle.,,,,,1
"Armstrong, John, 1709-1779.",,,,,1
"Arnaud de Ronsil, Georges, 1698-1774.",,,,,1
"Atkins, John, 1685-1757.",,,,,1
Author of The practical scheme.,,,,,1
"Avison, Charles, 1710-1770.",,,,,1
"Ayscough, James, d. ca. 1762.",,,,,1
"Bailey, J. (John), 1750-1819.",,,,,1
"Balestier, Wolcott, 1861-1891.",,,,,1
"Banyer, Henry, fl. 1718-1736.",,,,,1
"Baratier, François, 1682-1751.",,,,,1
"Barbers' Company (London, England)",,,,,1
"Barker, John, b. 1730.",,,,,1
"Bateson, Peter.",,,,,1
"Beaumont, John, d. 1731.",,,,,1
"Bell, Benjamin, 1749-1806.",,,,,1
"Bellinger, Francis, d. 1721.",,,,,1
"Betterton, Thomas, 1635?-1710.",,,,,1
"Beverley, Robert, ca. 1673-1722",,,,,1
"Bickerstaff, Isaac, Jun.",,,,,1
"Bickerstaff, Isaac.",,,,,1
"Bierce, Ambrose, 1842-1914?",,,,,1
"Blane, Gilbert, Sir, 1749-1834.",,,,,1
"Bloomfield, Robert, 1766-1823.",,,,,1
"Bond, William, d. 1735.",,,,,1
"Borthwick, George.",,,,,1
"Boyesen, Hjalmar Hjorth, 1848-1895",,,,,1
"Brand, Hannah, d. 1821.",,,,,1
"Brand, John, 1668?-1738.",,,,,1
"Brand, Robert.",,,,,1
"Brett-Smith, H. F. B. (Herbert Francis Brett) (ed.)",,,,,1
"Bromehead, Joseph, b. 1747 or 8.",,,,,1
"Brontë, Emily, 1818-1848",,,,,1
"Brown, Charles, fl. 1797-1799.",,,,,1
"Brown, John, 1752-1787.",,,,,1
"Brown, Sarah, fl. 1777-1779.",,,,,1
"Browne, Joseph, fl. 1700-1721.",,,,,1
"Buchan, William, 1729-1805.",,,,,1
"Bunyan, John",,,,,1
"Butler, Sarah, Mrs.",,,,,1
"Cadogan, William, 1711-1797.",,,,,1
"Carleton, George, fl. 1728.",,,,,1
"Cayley, George, Sir, 1773-1857",,,,,1
"Chettle, Henry,(ca. 1560-1607)",,,,,1
"Cibber, Colley, 1671-1757.",,,,,1
"Clare, Peter, 1738-1786.",,,,,1
"Cleland, John, 1709-1789",,,,,1
Clement C. Moore,,,,,1
"Cockell, William.",,,,,1
"Colbatch, John, Sir, 1670-1729.",,,,,1
"College, Academy, and Charitable Schools of Philadelphia.",,,,,1
"Consett, Matthew.",,,,,1
"Cooper, James Fenimore, 1789-1851",,,,,1
"Cornaro, Luigi, 1475-1566.",,,,,1
"Cotton, Nathaniel, 1705-1788.",,,,,1
"Coxe, William, 1747-1828.",,,,,1
"Crane, John, physician at Dorchester.",,,,,1
"Crawford, George, fl. 1710.",,,,,1
"Crosfeild, Robert Thomas, 1759-1802.",,,,,1
"Cugoano, Ottobah.",,,,,1
"Culley, George, 1735-1813.",,,,,1
"Cunningham, John, brewer.",,,,,1
"Cunningham, John, of Deptford.",,,,,1
"Cunningham, John, taylor.",,,,,1
"Dampier, Henry.",,,,,1
"Dana, Richard Henry, 1815-1882",,,,,1
"Darwin, Charles, 1809-1882",,,,,1
"Davies, John, 1567-1644.",,,,,1
"Dease, William, 1752?-1798.",,,,,1
"Dekker, Thomas, ca. 1572-1632",,,,,1
"Dekker, Thomas and Middleton, Thomas",,,,,1
"Denman, Thomas, 1733-1815.",,,,,1
"Dickinson, John",,,,,1
"Dictionaries, etc.",,,,,1
"Dobbie, Elliott Van Kirk (ed.)",,,,,1
"Douglas, Robert, Sir, 1694-1770.",,,,,1
"Duck, Arthur.",,,,,1
"Duckett, George, 1684-1732.",,,,,1
"Duncan, Chapman",,,,,1
"Dutton, Thomas, 18th/19th cent.",,,,,1
"Dyer, John, 1652 or 3-1713.",,,,,1
"Dyer, John, d. 1729.",,,,,1
"Earle, James, Sir, 1755-1817.",,,,,1
"Edwards, Jonathan, 1703-1758",,,,,1
"Elyot, Thomas, Sir, 1490?-1546",,,,,1
"Famine, Citizen.",,,,,1
"Farmer, Richard, 1735-1797.",,,,,1
"Farrer, W. (William), d. 1775.",,,,,1
"Ferguson, Adam, 1723-1816.",,,,,1
"Fitzgerald, F. Scott (Francis Scott), 1896-1940",,,,,1
"Flemyng, Malcolm, d. 1764.",,,,,1
"Flower, Henry.",,,,,1
"Foote, Samuel, 1720-1777.",,,,,1
"Forbes of Pitsligo, Alexander Forbes, Lord, 1678-1762.",,,,,1
"Fournel, M. (Jean-François), 1745-1820.",,,,,1
"Franklin, Benjamin, 1706-1790",,,,,1
"Frewen, Thomas, 1704-1791.",,,,,1
Friend to Religious and Civil Liberty.,,,,,1
"Funnell, William.",,,,,1
"Garthshore, Maxwell, 1732-1812.",,,,,1
"Gay, John, 1685-1732",,,,,1
General Infirmary at Leeds.,,,,,1
"Gibbon, Edward, 1737-1794",,,,,1
"Giffard, Henry, 1699-1772.",,,,,1
"Gilman, Charlotte Perkins, 1860-1935",,,,,1
"Godwin, William, 1756-1836.",,,,,1
"Gough, Strickland, d. 1752.",,,,,1
"Governor, of Addenbrooke's Hospital.",,,,,1
"Gower, John, 1325?-1408",,,,,1
"Gowland, John, d. 1776.",,,,,1
"Graham, James, 1745-1794.",,,,,1
"Grahame, Kenneth, 1859-1932",,,,,1
"Grant, Alexander, d. 1817.",,,,,1
Great Britain. Sovereign (1760-1820 : George III),,,,,1
H. D.,,,,,1
"HaÅ¡ek, Jaroslav, 1883-1923",,,,,1
"Hakluyt, Richard, 1552?-1616",,,,,1
"Hale, John, 18th cent.",,,,,1
"Hamilton, Robert, 1749-1830.",,,,,1
"Harrison, John, fl. 1784-1792.",,,,,1
Harrison & Co.,,,,,1
"Hawkesworth, John, fl. 1782-1778.",,,,,1
Hearty Well-Wisher to Publick Credit.,,,,,1
"Heath, William, 1737-1814.",,,,,1
"Henry, O., 1862-1910",,,,,1
"Henry, Thomas, 1734-1816.",,,,,1
"Hey, Mrs.",,,,,1
"Heysham, John, 1753-1834.",,,,,1
"Hoadly, Benjamin, 1676-1761.",,,,,1
"Hobbes, Thomas, 1588-1679",,,,,1
"Hogarth, William, 1697-1764.",,,,,1
"Hogarth, William, ill. 1697-1764.",,,,,1
"Holwell, J. Z. (John Zephaniah), 1711-1798.",,,,,1
"Home, Everard, Sir, 1756-1832.",,,,,1
"Hopkinson, Francis, 1737-1791.",,,,,1
"Howells, William Dean, 1837-1920",,,,,1
"Howlett, John, 1731-1804.",,,,,1
"Hudibras, Hugh.",,,,,1
"Hutchinson, William, 1715-1801.",,,,,1
"Hutton, Charles, shipmaster in Culross.",,,,,1
"Irving, Washington, 1783-1859",,,,,1
"Jackson, Humphrey, ca. 1717-1801.",,,,,1
"Jardine, L. J., fl. 1795.",,,,,1
"Jenner, Edward, 1749-1823.",,,,,1
"Johnson, Samuel, 1709-1784",,,,,1
"Johnstone, James, 1730?-1802.",,,,,1
"Jones, Henry, fl. 1782.",,,,,1
"Jones, John Gale, 1769-1838.",,,,,1
"Josef Schmied, Claudia Claridge, Rainer Siemund (ed.)",,,,,1
"Keats, John, 1795-1821",,,,,1
"Kelly, Ebenezer Beriah, b. 1783",,,,,1
"Kelly, Hugh.",,,,,1
"Killings, Douglas B. (ed.)",,,,,1
"King, Thomas, fl. 1791.",,,,,1
"King, Thomas.",,,,,1
"Kipling, Rudyard, 1865-1936.",,,,,1
"Krapp, George Philip, 1872-1934",,,,,1
"Kyd, Thomas, 1558-1594",,,,,1
"L'Estrange, Roger, Sir, 1616-1704",,,,,1
"Lambrechts, Arentius Ferdinand.",,,,,1
"Langland, William, 1330?-1400?",,,,,1
"Langley, Gilbert.",,,,,1
Late Member of the Continental Congress.,,,,,1
Late pupil of Dr. Leake's.,,,,,1
"Latham, John, 1697 or 8-1754.",,,,,1
"Latham, John, 1761-1843.",,,,,1
"Law, William, 1686-1761",,,,,1
"Law, William, 1686-1761.",,,,,1
"Leapor, Mrs. (Mary), 1722-1746.",,,,,1
"Leny, R.",,,,,1
"Lettsom, John Coakley, 1744-1815.",,,,,1
"Lewis, Mayer.",,,,,1
"Lind, James, 1736-1812.",,,,,1
"Lloyd, Robert.",,,,,1
"Logan, William, 1747-1772.",,,,,1
London Hospital.,,,,,1
"Lynn, Walter, 1677-1763.",,,,,1
"Lynn, William, 1753-1837.",,,,,1
"MacDonald, John, b. 1741?",,,,,1
"Maiden Hospital (Edinburgh, Scotland)",,,,,1
"Mandeville, Bernard, 1670-1733.",,,,,1
"Manley, Mrs. (Mary de la Rivière), 1663-1724.",,,,,1
Margarete C. Conkling,,,,,1
"Marlowe, Christopher, 1564-1593",,,,,1
"Marra, John.",,,,,1
"Marvell, Andrew, 1621-1678",,,,,1
"Matthias, Ulrich",,,,,1
"Mayhew, Jonathan, 1720-1766",,,,,1
"Merande, D.",,,,,1
"Merry, Robert, 1755-1798.",,,,,1
"Middleton, Thomas, 1580-1627",,,,,1
"Mill, John Stuart, 1806-1873",,,,,1
"Monro, Alexander, 1733-1817.",,,,,1
"Montgomery, Lucy Maud, 1874-1942",,,,,1
"Moore, Edward, 1712-1757.",,,,,1
"More, Thomas, Sir, Saint, 1478-1535",,,,,1
"Morgan, John, 1735-1789.",,,,,1
"Morland, John, M.D.",,,,,1
"Morris, William, 1834-1896",,,,,1
"Moxon, Elizabeth.",,,,,1
"Moxon, Joseph, 1627-1691.",,,,,1
"Muir, James, 1757-1820.",,,,,1
"Mulcaster, Richard, 1530?-1611",,,,,1
"Nettleton, Thomas, 1683-1742.",,,,,1
Newcastle upon Tyne (England). Dispensary.,,,,,1
"Newton, Isaac, Sir, 1642-1727.",,,,,1
"Nolan, William, 18th cent.",,,,,1
"Norris, Thomas, fl. 1780.",,,,,1
"Northcote, James, 1746-1831.",,,,,1
"O'Brien, William, d. 1815.",,,,,1
"Ogden, Bernard, b. 1767.",,,,,1
"Okell, Benjamin.",,,,,1
"Orczy, Baroness Emmuska, 1865-1947",,,,,1
"Osbourne, Lloyd, 1868-1947",,,,,1
"Overton, Benjamin.",,,,,1
Ovid,,,,,1
"Owen, Robert, 1771-1858",,,,,1
"Owen, Wilfred, 1893-1918",,,,,1
"Page, John, fl. 1733-1763.",,,,,1
"Palmer, Samuel, d. 1732.",,,,,1
"Pearson, Richard, 1765-1836.",,,,,1
Person of honour.,,,,,1
"Philadelphos, Theophilos.",,,,,1
Philanthropos.,,,,,1
"Philips, Ambrose, 1674-1749.",,,,,1
"Phillips, David Graham, 1867-1911",,,,,1
"Pinto, Isaac de, 1715-1787.",,,,,1
"Pittis, William, 1674-1724.",,,,,1
"Pix, Mary, 1666-1720.",,,,,1
Pliny the Younger,,,,,1
Plutarch,,,,,1
"Polesworth, Humphry, Sir, 18th cent.",,,,,1
"Pollard, Robert, 1755-1838.",,,,,1
"Polwhele, Richard, 1760-1838",,,,,1
"Pope, Alexander, 1688-1744",,,,,1
"Pope, Alexander, 1763-1835.",,,,,1
"Popple, William, 1701-1764.",,,,,1
"Potter, Beatrix, 1866-1943",,,,,1
"Priestley, Joseph, 1733-1804.",,,,,1
"Pringle, John, Sir, 1707-1782.",,,,,1
"Purney, Thomas, 1695-ca. 1727.",,,,,1
"Puttenham, George, d. 1590",,,,,1
Pythagoras.,,,,,1
"Quincey, Thomas de, 1785-1859",,,,,1
"Radcliffe, Ann Sophia.",,,,,1
"Radcliffe, Mary Ann, 1745?-1810.",,,,,1
"Randall, William.",,,,,1
"Randolph, Mary, 1762-1828",,,,,1
"Reed, Joseph, 1741-1785.",,,,,1
"Rennie, George, 1749-1828.",,,,,1
"Reresby, John, Sir, 1634-1689.",,,,,1
"Richardson, Samuel, d. 1805.",,,,,1
"Rickman, John.",,,,,1
"Rivers, David.",,,,,1
"Roberts, Charles George Douglas, Sir, 1860-1943",,,,,1
"Robins, Benjamin, 1707-1751.",,,,,1
"Robinson, Mary, 1758-1800",,,,,1
"Robinson, Nicholas, 1697?-1775.",,,,,1
"Rock, Dr. (Richard), 1708-1774.",,,,,1
"Rousseau, Jean-Jacques, 1712-1778.",,,,,1
Royal College of Surgeons of England.,,,,,1
"Rudd, Sayer, d. 1757.",,,,,1
"Rushworth, John, 1669-1736.",,,,,1
"Rutledge, Sarah, 1782-1855",,,,,1
"Rymer, James, fl. 1770-1833.",,,,,1
"Samber, Robert.",,,,,1
"Sarn, Peter van, d. 1766.",,,,,1
"Scott, Walter, Sir, 1771-1832",,,,,1
"Sharp, William, fl. 1766-1767.",,,,,1
"Shaw, Peter, 1694-1763.",,,,,1
"Shebbeare, John, 1709-1788.",,,,,1
"Shelley, Mary Wollstonecraft, 1797-1851",,,,,1
"Sheridan, Frances Chamberlaine, 1724-1766.",,,,,1
"Sheridan, Thomas, 1687-1738.",,,,,1
"Sherry, Richard, ca. 1506-ca. 1555",,,,,1
"Skrimshire, F. (Fenwick), 1774 or 5-1855.",,,,,1
"Sloane, Hans, Sir, 1660-1753.",,,,,1
"Smart, Christopher, 1722-1771.",,,,,1
"Smith, Adam, 1723-1790",,,,,1
"Smith, William, 1727-1803.",,,,,1
"Society of Apothecaries, London.",,,,,1
"Sparham, Legard.",,,,,1
"Spence, Joseph, 1699-1768.",,,,,1
"Stanyan, Temple, 1677?-1752.",,,,,1
"Stern, Philip.",,,,,1
"Stoker, Bram, 1847-1912",,,,,1
"Stowe, Harriet Beecher, 1811-1896",,,,,1
"Surgeons Hospital (Edinburgh, Scotland)",,,,,1
"Swift, Jonathan, 1667-1745",,,,,1
"Swift, Jonathan, 1667-1745.",,,,,1
"Taylor, Margaret, Mrs.",,,,,1
"Taylor, Thomas, 1738-1816.",,,,,1
"Tennyson, Alfred Tennyson, Baron, 1809-1892",,,,,1
"Thacher, Oxenbridge, 1719-1765",,,,,1
"Thelwall, John, 1764-1834.",,,,,1
"Theobald, Mr. (Lewis), 1688-1744.",,,,,1
"Thomas, Rowley.",,,,,1
"Thompson, John-Weeks.",,,,,1
"Thomson, Alexander, M.D.",,,,,1
"Thomson, James, fl. 1719-1762.",,,,,1
"Threlfal, William.",,,,,1
"Tickell, Mr. (Thomas), 1686-1740.",,,,,1
"Tissot, S. A. D. (Samuel Auguste David), 1728-1797.",,,,,1
"Told, Silas, 1711-1779.",,,,,1
"Trinder, William Martin.",,,,,1
"Turgot, Anne-Robert-Jacques, baron de l'Aulne, 1727-1781",,,,,1
"Turner, Daniel, 1667-1741.",,,,,1
"Turner, Matthew, d. ca. 1788.",,,,,1
"Vanderlint, Jacob",,,,,1
"Vaughan, Rice",,,,,1
"Vaughan, Thomas, b. 1689 or 1790.",,,,,1
"von Aue, Hartmann, 12th cent.",,,,,1
"von Eschenbach, Wolfram, 12th cent.",,,,,1
"Wakefield, Gilbert, 1756-1801.",,,,,1
"Wall, J.",,,,,1
"Warren, Martin, 1696-1735.",,,,,1
"Watts, Stephen, 1741-1788.",,,,,1
"Webb, William, mate of the Doddington East Indiaman.",,,,,1
"Webster, John, 1580?-1625",,,,,1
Well-wisher to the publick.,,,,,1
"Wesley, John, 1703-1791.",,,,,1
"West, Richard, Son of the Lord Chancellor of Ireland.",,,,,1
"Westcott, Edward Noyes, 1847-1898",,,,,1
"White, John, 1757 or 8-1832.",,,,,1
"Whitehead, William, of Newcastle.",,,,,1
"Wigstead, Henry.",,,,,1
"Wilson, James, 1742-1798",,,,,1
"Wilson, Thomas, 1525?-1581",,,,,1
"Winchilsea, Anne Kingsmill Finch, Countess of, 1661-1720.",,,,,1
"Wintringham, Clifton, 1689-1748.",,,,,1
"Wollstonecraft, Mary, 1759-1797.",,,,,1
"Woodville, William, 1752-1805.",,,,,1
"Wright, J. (John), fl. 1761-1765.",,,,,1
"Wright, Mrs.,",,,,,1
"Wycherley, William, 1640-1716",,,,,1
"Yeats, W.B. (William Butler), 1865-1939",,,,,1
